chat_id,customer_id,chat_date,query_type,resolved_by_ai,escalated,response_time_sec,customer_sentiment
1,242,2025-08-13,party_booking,1,0,53,positive
2,366,2026-03-11,party_booking,1,0,104,positive
3,202,2025-09-01,order_status,1,0,148,negative
4,361,2026-03-26,menu_question,1,0,156,positive
5,51,2026-03-02,menu_question,1,0,44,positive
6,35,2025-11-10,delivery_delay,1,0,44,positive
7,150,2026-03-14,coupon_issue,0,1,336,neutral
8,226,2025-10-20,menu_question,0,1,284,neutral
9,39,2026-02-26,coupon_issue,1,0,15,negative
10,210,2026-01-22,order_status,1,0,96,negative
11,28,2025-12-28,party_booking,1,0,16,positive
12,131,2025-07-04,menu_question,1,0,38,neutral
13,207,2025-08-15,party_booking,1,0,41,positive
14,333,2025-07-19,menu_question,1,0,47,neutral
15,110,2026-03-30,refund_request,0,1,520,negative
16,324,2025-08-14,party_booking,1,0,77,neutral
17,241,2026-01-11,order_status,0,1,396,neutral
18,7,2025-07-16,menu_question,1,0,96,neutral
19,439,2025-09-05,opening_hours,1,0,127,negative
20,420,2025-09-15,coupon_issue,1,0,122,neutral
21,106,2025-11-16,delivery_delay,1,0,32,positive
22,130,2026-02-28,order_status,0,1,517,neutral
23,483,2026-02-09,delivery_delay,1,0,150,positive
24,65,2025-10-26,table_booking,1,0,90,positive
25,381,2025-08-07,menu_question,1,0,145,neutral
26,205,2025-07-29,refund_request,1,0,167,neutral
27,51,2025-12-21,delivery_delay,1,0,123,neutral
28,164,2025-09-14,menu_question,0,1,433,neutral
29,218,2025-11-09,order_status,1,0,74,positive
30,485,2026-02-07,coupon_issue,1,0,95,positive
31,221,2025-07-18,order_status,1,0,88,positive
32,50,2025-10-18,party_booking,0,1,514,positive
33,477,2025-10-23,coupon_issue,1,0,76,negative
34,54,2025-07-07,party_booking,1,0,26,negative
35,248,2026-02-05,order_status,1,0,111,positive
36,58,2026-03-27,refund_request,0,1,320,positive
37,357,2025-12-13,coupon_issue,1,0,140,neutral
38,429,2026-03-13,refund_request,1,0,72,neutral
39,336,2026-02-26,refund_request,1,0,169,neutral
40,18,2025-08-18,opening_hours,1,0,107,positive
41,429,2026-01-02,refund_request,1,0,138,neutral
42,25,2025-11-08,table_booking,0,1,289,neutral
43,10,2025-08-12,menu_question,1,0,174,neutral
44,286,2026-02-15,coupon_issue,1,0,173,neutral
45,87,2025-07-11,order_status,1,0,105,positive
46,307,2025-12-27,party_booking,0,1,258,negative
47,35,2026-03-29,coupon_issue,1,0,54,neutral
48,204,2026-03-16,table_booking,1,0,67,negative
49,450,2025-09-27,coupon_issue,1,0,177,positive
50,47,2025-12-25,coupon_issue,1,0,177,neutral
51,91,2026-03-07,table_booking,1,0,151,negative
52,382,2025-07-28,opening_hours,1,0,66,positive
53,391,2025-09-01,delivery_delay,0,1,600,positive
54,236,2025-12-18,delivery_delay,0,1,256,positive
55,108,2025-11-01,menu_question,1,0,114,neutral
56,256,2025-09-09,order_status,1,0,69,negative
57,436,2025-12-24,opening_hours,1,0,59,negative
58,236,2025-08-29,coupon_issue,1,0,86,positive
59,255,2026-03-11,refund_request,1,0,95,negative
60,252,2025-10-28,party_booking,0,1,272,positive
61,347,2025-12-06,delivery_delay,1,0,79,positive
62,18,2026-02-10,refund_request,0,1,313,positive
63,190,2026-03-18,party_booking,1,0,172,neutral
64,74,2025-12-23,table_booking,0,1,519,neutral
65,291,2025-09-08,order_status,1,0,179,positive
66,443,2026-01-03,order_status,1,0,155,neutral
67,254,2025-10-23,opening_hours,1,0,61,neutral
68,108,2026-02-21,order_status,1,0,71,negative
69,370,2025-08-20,opening_hours,0,1,581,positive
70,66,2025-09-15,menu_question,1,0,41,positive
71,338,2025-08-07,refund_request,1,0,27,positive
72,16,2026-03-01,order_status,1,0,26,positive
73,445,2025-11-11,opening_hours,0,1,322,negative
74,427,2025-11-25,menu_question,1,0,50,negative
75,65,2025-10-01,refund_request,0,1,197,negative
76,248,2025-11-05,order_status,0,1,592,neutral
77,31,2025-12-03,refund_request,1,0,41,positive
78,246,2025-07-07,order_status,1,0,127,negative
79,106,2026-03-03,delivery_delay,1,0,43,neutral
80,418,2025-10-04,delivery_delay,1,0,28,negative
81,4,2025-10-16,party_booking,1,0,42,negative
82,119,2025-08-08,party_booking,0,1,334,neutral
83,366,2025-11-04,table_booking,1,0,178,neutral
84,333,2026-02-10,refund_request,1,0,39,positive
85,407,2025-10-15,party_booking,1,0,79,negative
86,137,2026-01-19,delivery_delay,1,0,108,neutral
87,158,2025-07-16,party_booking,0,1,187,positive
88,165,2025-10-28,order_status,1,0,144,negative
89,67,2025-10-13,coupon_issue,1,0,40,negative
90,64,2026-03-19,table_booking,1,0,60,negative
91,334,2025-10-27,order_status,1,0,49,negative
92,467,2026-03-31,coupon_issue,1,0,166,negative
93,392,2025-09-23,order_status,1,0,105,positive
94,238,2025-08-05,order_status,1,0,90,positive
95,165,2025-10-29,refund_request,1,0,129,positive
96,196,2026-01-27,opening_hours,1,0,141,positive
97,331,2026-01-22,refund_request,0,1,299,positive
98,52,2025-08-05,opening_hours,1,0,41,negative
99,171,2025-12-20,refund_request,1,0,77,neutral
100,106,2025-08-28,refund_request,1,0,29,positive
101,250,2026-03-10,menu_question,0,1,184,positive
102,249,2025-10-17,table_booking,1,0,152,negative
103,71,2025-07-27,table_booking,1,0,109,negative
104,67,2025-07-24,party_booking,1,0,39,neutral
105,94,2025-11-16,party_booking,0,1,332,positive
106,153,2026-02-06,coupon_issue,0,1,304,positive
107,185,2025-12-12,table_booking,0,1,348,positive
108,295,2025-07-13,order_status,1,0,71,neutral
109,414,2026-02-11,menu_question,1,0,130,positive
110,465,2025-07-18,order_status,1,0,169,positive
111,434,2025-10-28,order_status,1,0,97,positive
112,472,2025-08-20,opening_hours,1,0,82,neutral
113,165,2026-02-08,order_status,0,1,408,negative
114,357,2025-08-10,party_booking,1,0,62,positive
115,497,2025-12-09,coupon_issue,1,0,177,neutral
116,463,2025-08-13,order_status,0,1,520,neutral
117,215,2026-03-05,coupon_issue,1,0,59,positive
118,60,2026-01-18,party_booking,0,1,487,negative
119,306,2025-11-02,table_booking,0,1,192,positive
120,115,2025-11-09,menu_question,1,0,23,neutral
121,378,2025-07-27,opening_hours,1,0,19,negative
122,37,2025-11-08,coupon_issue,0,1,363,neutral
123,266,2025-11-09,table_booking,0,1,186,positive
124,456,2025-11-28,table_booking,1,0,120,neutral
125,435,2025-12-31,coupon_issue,1,0,113,negative
126,406,2025-10-17,coupon_issue,1,0,152,neutral
127,180,2025-09-26,order_status,1,0,87,negative
128,298,2025-09-11,coupon_issue,1,0,49,neutral
129,228,2026-02-02,table_booking,1,0,64,negative
130,21,2026-02-26,order_status,1,0,37,negative
131,58,2025-09-26,menu_question,0,1,376,neutral
132,91,2026-01-07,table_booking,1,0,45,neutral
133,290,2025-12-16,table_booking,1,0,42,neutral
134,482,2025-07-12,party_booking,0,1,216,neutral
135,132,2025-08-06,opening_hours,1,0,138,neutral
136,439,2026-01-15,refund_request,0,1,597,positive
137,321,2025-07-21,refund_request,0,1,260,negative
138,127,2025-09-01,party_booking,1,0,29,positive
139,186,2025-12-05,opening_hours,1,0,145,neutral
140,472,2025-11-27,coupon_issue,1,0,122,neutral
141,188,2026-03-16,delivery_delay,1,0,93,positive
142,483,2025-10-25,delivery_delay,1,0,32,positive
143,439,2025-11-01,party_booking,1,0,84,negative
144,350,2025-11-20,party_booking,0,1,484,negative
145,81,2026-02-20,order_status,0,1,227,negative
146,440,2025-11-14,coupon_issue,0,1,474,neutral
147,11,2025-07-03,coupon_issue,1,0,154,neutral
148,460,2026-01-24,refund_request,0,1,587,negative
149,80,2025-11-26,party_booking,1,0,179,neutral
150,385,2025-11-02,party_booking,1,0,178,negative
151,413,2026-03-02,opening_hours,0,1,472,neutral
152,474,2025-10-14,party_booking,1,0,97,positive
153,141,2025-09-14,order_status,1,0,40,negative
154,233,2025-09-01,opening_hours,1,0,152,negative
155,229,2025-12-04,party_booking,1,0,132,neutral
156,218,2026-01-21,table_booking,1,0,35,negative
157,62,2025-10-06,order_status,1,0,79,positive
158,176,2025-10-16,menu_question,1,0,163,neutral
159,433,2025-07-08,order_status,1,0,129,neutral
160,295,2025-08-29,table_booking,1,0,126,negative
161,403,2025-10-17,opening_hours,1,0,92,neutral
162,402,2026-02-14,party_booking,0,1,236,neutral
163,18,2025-12-29,party_booking,0,1,419,positive
164,70,2026-01-03,table_booking,1,0,107,neutral
165,493,2025-11-22,coupon_issue,1,0,24,negative
166,426,2025-12-12,party_booking,0,1,247,neutral
167,200,2025-10-19,party_booking,1,0,83,negative
168,282,2025-11-15,order_status,1,0,101,negative
169,343,2026-02-28,opening_hours,0,1,565,negative
170,210,2025-10-16,refund_request,0,1,533,neutral
171,498,2025-10-03,table_booking,1,0,100,positive
172,290,2025-12-22,refund_request,0,1,531,neutral
173,83,2026-02-26,party_booking,1,0,175,negative
174,357,2025-09-12,party_booking,1,0,98,negative
175,260,2026-03-12,table_booking,0,1,464,negative
176,140,2025-09-19,opening_hours,0,1,191,positive
177,210,2026-02-02,table_booking,0,1,275,neutral
178,223,2025-12-04,coupon_issue,1,0,179,negative
179,493,2025-11-24,refund_request,1,0,26,positive
180,492,2026-03-04,opening_hours,0,1,401,neutral
181,115,2026-03-02,party_booking,0,1,419,negative
182,270,2025-11-09,delivery_delay,1,0,42,neutral
183,148,2025-08-03,menu_question,1,0,124,negative
184,171,2025-07-12,party_booking,0,1,355,negative
185,91,2025-12-24,table_booking,1,0,170,positive
186,179,2026-02-04,party_booking,1,0,137,negative
187,261,2025-09-11,refund_request,1,0,26,positive
188,269,2025-08-02,refund_request,1,0,93,negative
189,297,2025-07-10,delivery_delay,1,0,137,neutral
190,119,2025-09-30,opening_hours,1,0,59,neutral
191,320,2025-11-22,menu_question,1,0,38,negative
192,195,2025-12-28,menu_question,1,0,59,negative
193,434,2025-12-01,opening_hours,0,1,200,positive
194,35,2025-08-24,delivery_delay,1,0,168,positive
195,135,2026-02-08,order_status,1,0,39,positive
196,335,2025-09-13,table_booking,0,1,298,negative
197,417,2025-07-31,order_status,1,0,113,neutral
198,349,2026-02-07,coupon_issue,1,0,161,neutral
199,424,2025-10-05,refund_request,1,0,106,negative
200,382,2025-11-24,delivery_delay,1,0,91,neutral
201,125,2026-02-28,party_booking,1,0,175,negative
202,323,2025-12-14,table_booking,1,0,17,negative
203,92,2026-02-15,party_booking,0,1,530,positive
204,233,2025-10-13,menu_question,1,0,106,positive
205,486,2025-12-16,order_status,1,0,123,neutral
206,317,2025-09-13,coupon_issue,0,1,515,negative
207,157,2026-03-19,refund_request,1,0,51,neutral
208,489,2026-02-22,party_booking,1,0,76,negative
209,262,2026-03-27,coupon_issue,0,1,220,positive
210,438,2026-03-27,opening_hours,1,0,144,neutral
211,246,2025-11-09,party_booking,0,1,376,negative
212,43,2025-07-27,coupon_issue,1,0,112,negative
213,447,2025-09-23,opening_hours,0,1,586,neutral
214,161,2025-10-02,coupon_issue,1,0,96,neutral
215,113,2025-08-08,table_booking,1,0,88,positive
216,136,2025-08-09,table_booking,1,0,41,negative
217,36,2025-09-07,coupon_issue,1,0,78,neutral
218,29,2025-10-01,opening_hours,1,0,150,positive
219,150,2026-01-19,refund_request,0,1,342,positive
220,41,2025-10-16,order_status,1,0,31,negative
221,41,2025-07-16,menu_question,1,0,145,neutral
222,190,2026-01-19,party_booking,0,1,226,positive
223,245,2025-07-30,table_booking,1,0,31,negative
224,355,2026-02-22,coupon_issue,1,0,38,neutral
225,185,2026-01-29,table_booking,0,1,299,positive
226,95,2025-08-23,party_booking,1,0,69,positive
227,427,2026-03-04,table_booking,1,0,16,positive
228,339,2025-11-26,delivery_delay,1,0,34,negative
229,316,2025-09-19,delivery_delay,0,1,526,neutral
230,8,2025-07-01,opening_hours,1,0,149,neutral
231,172,2025-11-16,opening_hours,0,1,207,positive
232,469,2025-12-08,menu_question,0,1,318,positive
233,175,2025-07-22,coupon_issue,0,1,222,positive
234,425,2025-07-16,table_booking,0,1,353,positive
235,43,2025-12-09,refund_request,0,1,542,positive
236,293,2025-12-15,opening_hours,1,0,53,neutral
237,208,2025-10-06,coupon_issue,0,1,567,neutral
238,249,2026-02-09,opening_hours,1,0,98,neutral
239,468,2026-03-15,order_status,1,0,96,neutral
240,180,2025-07-05,coupon_issue,1,0,94,neutral
241,443,2025-11-11,table_booking,1,0,82,negative
242,383,2026-03-14,opening_hours,0,1,579,negative
243,390,2026-03-09,order_status,0,1,234,negative
244,266,2025-09-20,party_booking,0,1,235,positive
245,154,2025-08-19,opening_hours,1,0,157,positive
246,485,2025-08-08,party_booking,1,0,99,neutral
247,467,2026-03-08,table_booking,1,0,117,neutral
248,378,2026-01-12,order_status,0,1,314,neutral
249,376,2025-11-26,menu_question,0,1,322,negative
250,71,2025-11-11,delivery_delay,1,0,141,negative
251,10,2026-03-29,table_booking,1,0,26,positive
252,169,2025-09-02,refund_request,1,0,146,negative
253,213,2025-09-29,opening_hours,1,0,173,neutral
254,23,2025-11-28,delivery_delay,1,0,120,negative
255,289,2026-03-16,menu_question,1,0,16,neutral
256,500,2026-01-12,menu_question,1,0,17,positive
257,220,2026-03-31,menu_question,0,1,292,neutral
258,185,2026-02-27,delivery_delay,1,0,72,negative
259,384,2026-02-25,opening_hours,1,0,41,negative
260,25,2025-12-08,coupon_issue,1,0,132,positive
261,166,2025-07-20,table_booking,0,1,401,positive
262,42,2026-02-20,order_status,0,1,236,negative
263,381,2025-07-04,table_booking,0,1,422,negative
264,129,2025-09-30,coupon_issue,0,1,365,neutral
265,224,2025-08-22,opening_hours,0,1,426,positive
266,222,2026-02-05,party_booking,1,0,38,negative
267,372,2025-09-20,delivery_delay,1,0,74,neutral
268,301,2025-08-30,coupon_issue,1,0,177,negative
269,408,2025-09-16,menu_question,1,0,130,positive
270,382,2026-01-03,party_booking,1,0,65,neutral
271,489,2026-02-23,coupon_issue,0,1,207,negative
272,348,2025-08-22,delivery_delay,1,0,26,neutral
273,304,2025-11-15,coupon_issue,1,0,175,neutral
274,303,2026-03-31,table_booking,1,0,57,neutral
275,387,2026-01-24,delivery_delay,1,0,70,neutral
276,50,2025-07-08,table_booking,1,0,140,negative
277,20,2025-08-05,opening_hours,0,1,266,negative
278,25,2026-01-20,refund_request,1,0,72,neutral
279,475,2025-12-20,order_status,0,1,498,positive
280,163,2025-09-02,opening_hours,1,0,111,positive
281,224,2026-01-28,delivery_delay,0,1,387,neutral
282,278,2026-01-20,refund_request,1,0,28,positive
283,400,2026-01-01,refund_request,0,1,372,negative
284,250,2025-10-05,delivery_delay,0,1,496,positive
285,92,2025-12-15,coupon_issue,1,0,155,positive
286,199,2025-11-15,table_booking,1,0,158,neutral
287,420,2025-10-13,party_booking,0,1,598,negative
288,469,2025-10-11,coupon_issue,0,1,566,positive
289,27,2025-07-03,opening_hours,1,0,153,neutral
290,264,2025-11-25,refund_request,0,1,566,negative
291,119,2025-07-14,table_booking,1,0,30,positive
292,360,2025-12-08,opening_hours,1,0,151,negative
293,357,2026-03-12,table_booking,1,0,159,negative
294,126,2026-02-26,order_status,1,0,16,neutral
295,145,2026-02-25,table_booking,1,0,95,negative
296,284,2025-11-02,table_booking,1,0,18,positive
297,251,2026-03-29,table_booking,1,0,131,neutral
298,135,2026-01-05,menu_question,0,1,182,negative
299,484,2025-07-25,order_status,0,1,587,positive
300,460,2025-08-30,order_status,0,1,348,neutral
301,247,2025-10-16,table_booking,1,0,61,neutral
302,158,2025-07-13,opening_hours,1,0,57,negative
303,167,2025-07-02,party_booking,1,0,95,positive
304,95,2025-07-07,order_status,1,0,152,neutral
305,38,2025-12-11,order_status,0,1,239,positive
306,169,2025-09-19,coupon_issue,1,0,38,neutral
307,284,2026-03-19,party_booking,1,0,103,positive
308,369,2026-01-02,menu_question,1,0,174,negative
309,355,2025-08-31,coupon_issue,1,0,21,neutral
310,384,2025-08-17,coupon_issue,1,0,20,negative
311,480,2025-07-02,party_booking,1,0,25,neutral
312,377,2026-01-08,menu_question,1,0,163,negative
313,469,2025-10-17,refund_request,0,1,258,neutral
314,209,2025-09-13,opening_hours,1,0,164,neutral
315,230,2025-10-24,party_booking,0,1,283,positive
316,291,2025-09-16,order_status,1,0,67,negative
317,25,2026-01-09,table_booking,1,0,65,neutral
318,416,2025-07-24,party_booking,1,0,92,positive
319,105,2026-03-02,refund_request,1,0,91,negative
320,45,2025-09-09,order_status,1,0,32,negative
321,114,2026-02-06,opening_hours,1,0,63,neutral
322,153,2025-10-15,opening_hours,1,0,64,positive
323,337,2025-12-04,order_status,1,0,167,neutral
324,191,2026-02-01,menu_question,1,0,154,negative
325,164,2025-08-25,coupon_issue,1,0,74,negative
326,476,2025-08-25,party_booking,1,0,163,neutral
327,450,2026-01-27,refund_request,1,0,26,positive
328,102,2025-07-05,coupon_issue,1,0,68,positive
329,417,2025-10-22,refund_request,1,0,160,neutral
330,3,2025-09-13,order_status,1,0,54,neutral
331,9,2025-11-10,table_booking,1,0,94,positive
332,397,2026-02-08,opening_hours,1,0,92,neutral
333,21,2026-03-13,delivery_delay,1,0,56,neutral
334,162,2026-03-02,opening_hours,0,1,283,neutral
335,258,2025-07-15,order_status,1,0,139,positive
336,272,2025-07-30,delivery_delay,1,0,26,negative
337,236,2025-07-16,menu_question,1,0,163,negative
338,87,2025-11-28,party_booking,1,0,176,negative
339,239,2026-01-02,menu_question,1,0,116,positive
340,54,2025-07-02,opening_hours,0,1,386,neutral
341,271,2025-09-28,menu_question,0,1,458,negative
342,199,2025-07-06,table_booking,1,0,117,negative
343,349,2026-03-26,menu_question,0,1,261,neutral
344,302,2025-07-25,coupon_issue,1,0,56,neutral
345,88,2025-11-14,opening_hours,1,0,20,neutral
346,280,2025-08-08,party_booking,1,0,55,negative
347,147,2025-08-21,party_booking,0,1,406,positive
348,112,2025-09-02,table_booking,1,0,150,positive
349,136,2025-07-03,order_status,0,1,312,neutral
350,466,2026-03-29,party_booking,1,0,26,neutral
351,460,2026-03-31,refund_request,1,0,121,neutral
352,277,2026-01-10,party_booking,0,1,504,positive
353,199,2025-07-31,delivery_delay,1,0,32,negative
354,259,2025-07-16,opening_hours,1,0,121,neutral
355,29,2025-12-11,party_booking,1,0,92,positive
356,328,2025-07-13,party_booking,1,0,17,negative
357,109,2026-02-13,delivery_delay,0,1,508,neutral
358,362,2025-11-01,party_booking,1,0,122,negative
359,449,2026-03-27,party_booking,1,0,35,neutral
360,403,2025-12-11,party_booking,1,0,177,positive
361,121,2026-02-11,refund_request,1,0,87,positive
362,499,2025-08-31,party_booking,1,0,114,positive
363,139,2026-03-04,coupon_issue,0,1,309,positive
364,101,2025-08-26,party_booking,0,1,261,neutral
365,116,2025-07-20,order_status,1,0,172,neutral
366,210,2026-02-08,delivery_delay,1,0,94,positive
367,472,2026-02-11,coupon_issue,1,0,117,neutral
368,460,2025-07-07,menu_question,1,0,129,neutral
369,209,2026-01-14,delivery_delay,1,0,172,negative
370,249,2026-03-19,order_status,0,1,355,negative
371,65,2025-12-09,order_status,1,0,91,positive
372,135,2025-12-19,opening_hours,1,0,59,negative
373,92,2025-07-29,party_booking,1,0,122,neutral
374,316,2025-11-16,table_booking,1,0,21,positive
375,161,2025-11-11,menu_question,1,0,56,neutral
376,368,2025-10-28,opening_hours,1,0,149,positive
377,122,2025-09-08,refund_request,0,1,521,negative
378,269,2026-01-16,delivery_delay,1,0,180,neutral
379,217,2026-03-14,opening_hours,1,0,120,neutral
380,45,2025-07-31,refund_request,1,0,110,neutral
381,138,2025-07-27,coupon_issue,1,0,35,negative
382,157,2025-09-21,opening_hours,1,0,74,negative
383,188,2025-07-03,opening_hours,1,0,34,positive
384,421,2026-02-05,opening_hours,0,1,379,negative
385,424,2025-07-19,opening_hours,1,0,169,positive
386,291,2025-08-12,table_booking,1,0,42,neutral
387,201,2025-12-30,order_status,1,0,94,negative
388,128,2025-07-20,table_booking,1,0,147,neutral
389,438,2026-01-21,delivery_delay,1,0,140,negative
390,153,2025-09-19,table_booking,0,1,341,positive
391,421,2025-09-05,order_status,1,0,155,negative
392,260,2026-02-20,refund_request,1,0,65,positive
393,56,2026-01-27,opening_hours,1,0,117,negative
394,454,2025-08-24,table_booking,1,0,30,negative
395,273,2026-01-23,menu_question,0,1,596,neutral
396,48,2025-10-18,coupon_issue,1,0,52,neutral
397,18,2025-07-12,opening_hours,1,0,52,neutral
398,216,2025-11-09,refund_request,1,0,162,negative
399,157,2026-01-28,order_status,1,0,125,negative
400,352,2025-12-30,table_booking,0,1,278,neutral
401,256,2026-03-09,coupon_issue,1,0,120,positive
402,81,2026-03-18,order_status,1,0,105,positive
403,368,2026-03-13,order_status,1,0,178,negative
404,253,2025-12-10,delivery_delay,1,0,32,negative
405,177,2025-12-13,delivery_delay,0,1,451,negative
406,402,2025-09-23,refund_request,1,0,40,neutral
407,473,2025-11-18,refund_request,1,0,78,negative
408,495,2025-09-07,party_booking,1,0,86,neutral
409,330,2025-11-25,refund_request,1,0,52,negative
410,360,2025-12-06,order_status,1,0,149,neutral
411,486,2026-03-13,coupon_issue,0,1,207,neutral
412,439,2026-02-27,party_booking,1,0,177,negative
413,392,2026-01-18,coupon_issue,0,1,426,positive
414,403,2026-03-19,refund_request,1,0,90,positive
415,289,2025-07-06,opening_hours,1,0,34,positive
416,17,2026-02-12,coupon_issue,1,0,59,negative
417,261,2025-09-23,refund_request,1,0,177,neutral
418,68,2025-09-01,delivery_delay,1,0,123,neutral
419,260,2025-12-26,party_booking,0,1,205,positive
420,146,2026-03-22,menu_question,1,0,179,neutral
421,241,2025-08-15,order_status,0,1,450,negative
422,134,2025-10-26,coupon_issue,1,0,104,neutral
423,180,2025-08-29,delivery_delay,0,1,294,neutral
424,105,2025-11-13,coupon_issue,1,0,134,negative
425,14,2026-03-21,table_booking,1,0,70,positive
426,482,2025-10-31,order_status,1,0,89,positive
427,166,2026-02-16,coupon_issue,0,1,497,positive
428,381,2026-02-27,refund_request,0,1,552,positive
429,80,2026-03-25,delivery_delay,1,0,40,positive
430,94,2026-01-18,coupon_issue,1,0,39,negative
431,262,2025-08-10,order_status,1,0,141,negative
432,259,2025-10-20,party_booking,1,0,131,positive
433,250,2025-07-30,order_status,0,1,407,positive
434,319,2026-01-06,table_booking,1,0,48,neutral
435,343,2025-10-20,delivery_delay,1,0,60,neutral
436,366,2025-10-12,delivery_delay,1,0,130,positive
437,2,2026-03-11,table_booking,1,0,140,positive
438,247,2026-03-20,refund_request,1,0,147,neutral
439,254,2025-12-16,delivery_delay,1,0,63,negative
440,302,2026-02-08,refund_request,1,0,42,negative
441,154,2026-01-02,coupon_issue,1,0,165,negative
442,345,2025-10-23,order_status,1,0,160,positive
443,270,2025-09-23,opening_hours,0,1,560,negative
444,10,2025-08-21,opening_hours,0,1,360,positive
445,162,2025-12-08,delivery_delay,1,0,87,neutral
446,437,2026-03-10,menu_question,1,0,99,negative
447,115,2025-10-07,refund_request,1,0,180,neutral
448,294,2025-10-25,menu_question,0,1,289,negative
449,153,2026-03-11,order_status,0,1,212,negative
450,426,2026-02-02,menu_question,0,1,374,neutral
451,323,2025-07-26,delivery_delay,1,0,20,positive
452,403,2025-07-23,delivery_delay,1,0,123,neutral
453,340,2025-12-30,party_booking,1,0,16,neutral
454,62,2025-09-03,order_status,1,0,28,negative
455,403,2026-02-01,refund_request,1,0,15,neutral
456,461,2025-10-19,party_booking,0,1,376,negative
457,107,2025-09-26,party_booking,1,0,57,negative
458,446,2026-03-12,coupon_issue,1,0,113,positive
459,92,2026-01-19,party_booking,1,0,37,positive
460,383,2025-12-26,delivery_delay,1,0,67,negative
461,252,2025-09-07,table_booking,1,0,129,negative
462,99,2025-08-19,coupon_issue,0,1,333,neutral
463,335,2025-11-15,menu_question,1,0,159,neutral
464,338,2025-11-16,order_status,0,1,474,negative
465,197,2025-09-29,coupon_issue,1,0,156,neutral
466,4,2025-09-11,party_booking,1,0,34,neutral
467,231,2025-10-26,opening_hours,1,0,16,negative
468,228,2025-07-31,order_status,1,0,153,positive
469,179,2025-08-15,menu_question,0,1,278,positive
470,335,2026-03-30,opening_hours,1,0,19,neutral
471,182,2025-08-23,coupon_issue,1,0,110,neutral
472,220,2025-08-09,opening_hours,0,1,552,neutral
473,352,2026-01-09,table_booking,0,1,548,neutral
474,28,2025-11-16,refund_request,1,0,15,positive
475,1,2025-10-03,opening_hours,1,0,102,neutral
476,194,2025-12-03,party_booking,1,0,179,neutral
477,186,2026-02-20,refund_request,1,0,165,negative
478,245,2026-03-03,coupon_issue,1,0,30,neutral
479,2,2026-02-07,order_status,1,0,53,positive
480,125,2025-07-28,coupon_issue,0,1,398,negative
481,96,2025-08-30,coupon_issue,1,0,177,positive
482,443,2026-01-31,menu_question,0,1,351,positive
483,436,2026-02-22,refund_request,0,1,584,positive
484,165,2025-10-13,coupon_issue,1,0,167,positive
485,487,2026-03-09,menu_question,1,0,121,positive
486,297,2025-10-12,table_booking,0,1,591,negative
487,194,2025-08-27,order_status,0,1,425,positive
488,440,2025-07-26,opening_hours,1,0,116,negative
489,28,2025-10-21,opening_hours,0,1,415,positive
490,170,2025-07-31,coupon_issue,1,0,132,negative
491,431,2026-02-26,party_booking,1,0,66,positive
492,305,2025-11-23,opening_hours,1,0,160,negative
493,199,2025-07-25,party_booking,1,0,122,positive
494,442,2025-09-15,delivery_delay,1,0,145,positive
495,10,2026-03-20,party_booking,1,0,94,negative
496,241,2026-02-17,delivery_delay,1,0,70,neutral
497,179,2026-01-23,opening_hours,1,0,125,positive
498,229,2025-11-07,delivery_delay,0,1,299,positive
499,447,2025-07-19,party_booking,1,0,98,neutral
500,250,2025-12-18,order_status,1,0,64,positive
501,197,2026-02-17,delivery_delay,1,0,37,positive
502,428,2025-12-15,opening_hours,1,0,148,positive
503,142,2025-07-10,delivery_delay,0,1,273,neutral
504,386,2026-01-24,coupon_issue,0,1,508,positive
505,329,2025-10-31,party_booking,1,0,98,positive
506,291,2025-11-20,delivery_delay,1,0,70,negative
507,55,2026-01-08,opening_hours,1,0,135,negative
508,44,2025-10-23,menu_question,0,1,492,positive
509,187,2025-08-24,menu_question,1,0,112,negative
510,412,2025-07-12,table_booking,1,0,127,negative
511,25,2025-12-03,opening_hours,1,0,87,negative
512,135,2025-07-31,order_status,1,0,154,positive
513,169,2025-08-20,refund_request,1,0,54,neutral
514,287,2025-08-17,menu_question,1,0,56,neutral
515,405,2026-03-31,table_booking,1,0,143,neutral
516,491,2025-07-26,opening_hours,0,1,447,positive
517,457,2025-11-27,coupon_issue,0,1,399,negative
518,219,2026-01-16,menu_question,1,0,134,negative
519,78,2025-11-20,delivery_delay,0,1,389,neutral
520,26,2025-07-16,order_status,1,0,103,negative
521,79,2025-11-21,table_booking,1,0,180,neutral
522,249,2025-12-13,party_booking,1,0,16,positive
523,119,2025-07-31,refund_request,1,0,31,negative
524,403,2026-03-24,opening_hours,1,0,103,negative
525,286,2026-02-08,delivery_delay,0,1,531,neutral
526,313,2025-12-03,party_booking,1,0,180,positive
527,313,2025-11-16,order_status,0,1,288,positive
528,186,2025-08-08,table_booking,1,0,49,neutral
529,119,2025-10-17,coupon_issue,0,1,248,positive
530,227,2026-03-06,party_booking,1,0,98,negative
531,157,2025-09-23,opening_hours,1,0,75,negative
532,338,2026-01-01,order_status,1,0,86,neutral
533,276,2025-10-02,menu_question,1,0,177,positive
534,61,2025-08-31,order_status,1,0,101,neutral
535,208,2025-11-19,menu_question,1,0,109,positive
536,108,2026-01-02,order_status,0,1,307,positive
537,464,2025-10-13,party_booking,1,0,144,positive
538,313,2026-03-11,refund_request,1,0,96,positive
539,418,2025-12-11,delivery_delay,1,0,71,positive
540,143,2025-10-29,coupon_issue,1,0,39,negative
541,105,2025-12-26,party_booking,0,1,401,neutral
542,483,2026-02-09,delivery_delay,1,0,140,positive
543,454,2025-10-23,order_status,1,0,122,negative
544,133,2025-12-14,order_status,1,0,26,neutral
545,401,2026-03-23,delivery_delay,1,0,89,positive
546,244,2025-09-20,opening_hours,1,0,103,negative
547,226,2025-10-01,refund_request,0,1,563,neutral
548,12,2026-02-05,delivery_delay,1,0,107,negative
549,488,2026-02-23,refund_request,1,0,149,positive
550,189,2025-12-28,delivery_delay,0,1,249,neutral
551,74,2025-10-12,menu_question,0,1,415,neutral
552,435,2025-07-11,menu_question,1,0,65,positive
553,326,2026-02-16,table_booking,0,1,290,neutral
554,393,2025-08-18,coupon_issue,0,1,407,neutral
555,474,2025-12-20,opening_hours,0,1,458,negative
556,357,2026-02-01,refund_request,1,0,37,positive
557,226,2026-02-27,table_booking,1,0,100,positive
558,260,2025-10-03,menu_question,0,1,540,positive
559,336,2025-10-23,opening_hours,0,1,349,neutral
560,353,2026-01-03,refund_request,0,1,429,neutral
561,139,2025-11-25,order_status,1,0,175,neutral
562,475,2026-01-13,delivery_delay,0,1,258,positive
563,278,2025-10-14,coupon_issue,0,1,311,negative
564,138,2025-09-06,opening_hours,1,0,147,positive
565,230,2025-08-08,opening_hours,1,0,125,negative
566,304,2025-10-12,coupon_issue,1,0,24,neutral
567,337,2026-03-28,refund_request,1,0,53,negative
568,73,2025-08-06,opening_hours,1,0,164,negative
569,375,2026-01-10,table_booking,1,0,62,neutral
570,260,2026-01-08,party_booking,0,1,234,positive
571,126,2026-02-01,refund_request,1,0,107,neutral
572,307,2025-12-18,opening_hours,0,1,341,negative
573,18,2026-01-13,coupon_issue,1,0,69,neutral
574,87,2026-03-28,table_booking,1,0,155,negative
575,389,2026-03-23,opening_hours,0,1,448,positive
576,47,2025-07-02,party_booking,1,0,167,negative
577,90,2025-10-13,opening_hours,1,0,120,negative
578,16,2026-03-17,order_status,0,1,519,negative
579,147,2025-11-11,coupon_issue,1,0,139,positive
580,400,2025-08-27,refund_request,1,0,141,neutral
581,438,2026-01-30,refund_request,0,1,580,positive
582,398,2025-08-07,menu_question,1,0,144,positive
583,411,2025-12-03,refund_request,1,0,91,negative
584,124,2025-07-24,party_booking,1,0,139,neutral
585,491,2026-01-09,coupon_issue,1,0,157,positive
586,285,2025-07-17,menu_question,0,1,562,neutral
587,143,2026-02-22,delivery_delay,1,0,73,positive
588,63,2025-09-20,opening_hours,1,0,127,neutral
589,199,2025-07-04,refund_request,1,0,69,positive
590,69,2025-08-06,party_booking,1,0,129,positive
591,158,2025-09-29,refund_request,0,1,432,neutral
592,270,2025-08-17,menu_question,1,0,171,positive
593,13,2026-01-29,refund_request,1,0,81,positive
594,196,2025-12-24,delivery_delay,0,1,265,neutral
595,46,2025-08-22,table_booking,1,0,72,positive
596,479,2025-07-22,table_booking,0,1,215,neutral
597,309,2025-10-01,order_status,1,0,116,negative
598,87,2025-09-18,refund_request,1,0,19,positive
599,111,2026-02-15,table_booking,1,0,159,negative
600,455,2025-08-16,coupon_issue,1,0,85,neutral
601,316,2026-01-15,menu_question,0,1,300,neutral
602,19,2026-02-24,party_booking,1,0,140,positive
603,19,2025-11-22,order_status,1,0,161,negative
604,4,2026-02-08,refund_request,1,0,104,positive
605,124,2025-10-14,order_status,1,0,117,negative
606,96,2026-02-01,delivery_delay,1,0,32,positive
607,160,2025-11-17,opening_hours,0,1,428,positive
608,19,2026-01-02,menu_question,0,1,353,positive
609,106,2025-10-22,delivery_delay,1,0,116,neutral
610,104,2025-07-29,delivery_delay,1,0,15,neutral
611,159,2025-08-17,refund_request,1,0,176,negative
612,215,2026-01-29,order_status,1,0,159,positive
613,114,2026-01-13,refund_request,1,0,147,neutral
614,247,2025-11-20,refund_request,1,0,40,negative
615,164,2026-03-16,table_booking,1,0,22,negative
616,153,2025-08-22,opening_hours,1,0,111,neutral
617,185,2025-07-23,menu_question,1,0,125,negative
618,124,2025-09-01,coupon_issue,1,0,16,positive
619,116,2025-11-08,order_status,0,1,364,negative
620,367,2025-11-26,opening_hours,0,1,327,negative
621,83,2025-07-31,menu_question,1,0,180,negative
622,11,2025-09-10,refund_request,1,0,39,neutral
623,179,2025-08-23,table_booking,1,0,19,negative
624,58,2026-03-07,order_status,1,0,102,positive
625,471,2025-09-21,opening_hours,0,1,416,neutral
626,325,2025-12-29,table_booking,1,0,39,neutral
627,332,2025-09-20,delivery_delay,1,0,146,negative
628,485,2025-11-23,refund_request,1,0,125,neutral
629,218,2026-03-13,delivery_delay,1,0,15,neutral
630,433,2026-03-06,menu_question,0,1,296,neutral
631,401,2025-12-21,refund_request,1,0,111,neutral
632,46,2025-11-07,coupon_issue,0,1,549,negative
633,441,2026-02-26,menu_question,1,0,164,neutral
634,481,2025-11-29,order_status,1,0,90,neutral
635,298,2026-01-05,order_status,1,0,158,positive
636,26,2025-09-13,table_booking,0,1,548,negative
637,180,2025-12-04,party_booking,1,0,95,neutral
638,467,2025-11-08,delivery_delay,0,1,532,positive
639,304,2025-11-08,refund_request,1,0,38,positive
640,489,2025-07-13,delivery_delay,1,0,29,negative
641,268,2025-08-29,coupon_issue,1,0,91,neutral
642,22,2025-09-16,refund_request,1,0,127,neutral
643,58,2026-03-09,table_booking,0,1,186,positive
644,89,2026-01-02,delivery_delay,1,0,66,negative
645,338,2025-08-11,refund_request,1,0,38,neutral
646,216,2025-10-04,delivery_delay,1,0,162,neutral
647,154,2025-08-05,party_booking,1,0,23,positive
648,199,2025-11-04,party_booking,1,0,104,negative
649,138,2025-09-23,menu_question,1,0,172,positive
650,109,2026-01-24,menu_question,1,0,154,positive
651,411,2026-02-02,order_status,1,0,42,positive
652,416,2025-08-01,opening_hours,1,0,86,negative
653,210,2026-03-03,opening_hours,1,0,157,neutral
654,196,2025-09-25,order_status,0,1,464,neutral
655,472,2025-12-28,table_booking,1,0,34,negative
656,444,2025-12-04,refund_request,0,1,473,negative
657,290,2025-09-18,order_status,1,0,18,negative
658,297,2025-09-26,opening_hours,1,0,51,negative
659,177,2025-12-19,menu_question,1,0,150,negative
660,440,2025-09-17,order_status,1,0,51,positive
661,127,2025-10-04,opening_hours,1,0,159,positive
662,275,2025-09-01,table_booking,0,1,275,negative
663,439,2025-10-14,table_booking,0,1,353,positive
664,8,2026-02-07,party_booking,1,0,18,negative
665,344,2025-10-24,table_booking,1,0,149,neutral
666,10,2025-08-23,opening_hours,1,0,133,neutral
667,304,2025-09-11,menu_question,1,0,180,positive
668,377,2025-07-09,order_status,1,0,140,positive
669,297,2026-02-20,table_booking,1,0,139,neutral
670,498,2025-12-04,order_status,0,1,322,positive
671,436,2026-02-09,menu_question,0,1,306,negative
672,233,2026-02-08,party_booking,1,0,179,neutral
673,126,2025-08-29,order_status,1,0,110,neutral
674,254,2026-02-03,order_status,1,0,133,negative
675,84,2026-01-10,delivery_delay,1,0,73,positive
676,367,2026-03-01,refund_request,1,0,82,positive
677,251,2025-07-22,refund_request,1,0,177,negative
678,41,2025-07-21,order_status,1,0,97,negative
679,413,2025-08-25,coupon_issue,1,0,74,neutral
680,98,2025-07-11,party_booking,1,0,74,positive
681,487,2026-03-17,party_booking,1,0,155,positive
682,329,2026-02-06,table_booking,0,1,594,negative
683,322,2025-08-14,menu_question,1,0,16,positive
684,349,2025-11-15,delivery_delay,0,1,399,negative
685,124,2026-02-12,coupon_issue,1,0,70,neutral
686,128,2026-03-31,table_booking,1,0,34,negative
687,135,2025-10-07,coupon_issue,1,0,103,negative
688,247,2025-08-31,opening_hours,1,0,51,neutral
689,64,2025-08-03,menu_question,1,0,88,neutral
690,196,2025-09-26,table_booking,1,0,80,neutral
691,276,2026-03-04,refund_request,1,0,94,positive
692,144,2025-12-13,order_status,0,1,393,neutral
693,232,2025-10-08,menu_question,1,0,116,negative
694,274,2025-12-15,delivery_delay,1,0,74,neutral
695,327,2025-07-10,table_booking,1,0,180,negative
696,455,2025-11-15,refund_request,1,0,26,positive
697,153,2026-01-04,party_booking,1,0,41,neutral
698,192,2026-02-07,table_booking,1,0,27,negative
699,406,2025-11-13,menu_question,1,0,173,positive
700,385,2025-09-05,coupon_issue,1,0,117,negative
701,95,2026-03-27,delivery_delay,1,0,134,positive
702,135,2026-01-10,table_booking,0,1,595,negative
703,235,2025-10-20,opening_hours,0,1,220,neutral
704,289,2025-10-08,menu_question,1,0,63,neutral
705,467,2025-09-07,delivery_delay,1,0,66,negative
706,382,2025-07-04,coupon_issue,1,0,73,positive
707,398,2026-03-26,refund_request,1,0,43,negative
708,42,2026-01-22,coupon_issue,1,0,80,negative
709,95,2026-03-02,refund_request,1,0,119,negative
710,415,2025-08-19,refund_request,0,1,552,neutral
711,333,2025-09-06,delivery_delay,1,0,157,positive
712,286,2025-08-08,order_status,1,0,68,negative
713,297,2025-10-03,order_status,1,0,151,positive
714,18,2025-09-28,menu_question,1,0,139,positive
715,209,2025-07-27,refund_request,1,0,94,positive
716,468,2026-02-28,party_booking,1,0,54,negative
717,253,2025-12-06,table_booking,1,0,120,negative
718,352,2025-11-06,menu_question,1,0,22,positive
719,301,2025-08-15,opening_hours,1,0,34,positive
720,272,2026-03-19,refund_request,1,0,177,positive
721,309,2025-12-16,refund_request,0,1,209,negative
722,458,2025-09-18,delivery_delay,0,1,510,negative
723,50,2025-11-18,opening_hours,1,0,78,negative
724,163,2025-11-03,opening_hours,1,0,53,positive
725,485,2025-09-28,table_booking,1,0,176,neutral
726,417,2026-03-19,opening_hours,1,0,36,neutral
727,222,2025-09-20,refund_request,0,1,598,negative
728,200,2026-03-13,table_booking,1,0,162,neutral
729,198,2026-03-09,table_booking,0,1,321,negative
730,40,2025-09-16,table_booking,1,0,127,positive
731,455,2025-09-20,table_booking,0,1,283,neutral
732,66,2025-11-23,party_booking,1,0,99,neutral
733,96,2025-10-18,party_booking,1,0,157,neutral
734,360,2025-08-05,party_booking,0,1,591,positive
735,409,2026-02-17,party_booking,0,1,192,negative
736,213,2025-10-05,order_status,1,0,76,neutral
737,286,2025-07-26,opening_hours,1,0,136,neutral
738,39,2026-01-28,coupon_issue,1,0,121,neutral
739,477,2025-11-02,refund_request,1,0,110,neutral
740,400,2025-08-13,coupon_issue,1,0,102,neutral
741,232,2026-03-04,party_booking,0,1,365,negative
742,71,2025-11-19,order_status,1,0,120,positive
743,275,2026-03-20,refund_request,1,0,94,negative
744,449,2025-09-24,refund_request,0,1,373,positive
745,145,2025-09-05,coupon_issue,1,0,16,positive
746,180,2026-01-16,party_booking,1,0,54,positive
747,246,2026-03-22,delivery_delay,1,0,165,negative
748,280,2025-08-06,opening_hours,0,1,550,positive
749,493,2025-10-28,party_booking,1,0,68,positive
750,302,2025-11-27,table_booking,1,0,145,negative
751,490,2025-07-16,coupon_issue,1,0,80,positive
752,321,2025-09-19,opening_hours,1,0,155,positive
753,263,2026-01-09,order_status,1,0,45,positive
754,269,2026-01-28,menu_question,1,0,166,neutral
755,470,2025-07-02,party_booking,0,1,562,negative
756,106,2025-10-14,menu_question,1,0,174,neutral
757,17,2025-09-24,party_booking,0,1,481,neutral
758,93,2025-12-31,table_booking,1,0,118,neutral
759,230,2026-01-03,order_status,1,0,92,negative
760,194,2025-10-17,delivery_delay,1,0,17,negative
761,465,2026-03-11,table_booking,0,1,381,positive
762,447,2025-12-20,order_status,1,0,148,negative
763,321,2025-11-23,menu_question,1,0,118,positive
764,399,2025-07-15,opening_hours,0,1,239,neutral
765,450,2025-08-04,order_status,1,0,35,neutral
766,194,2026-01-24,table_booking,0,1,264,neutral
767,150,2026-01-08,opening_hours,1,0,166,positive
768,262,2025-08-13,coupon_issue,1,0,114,negative
769,500,2026-02-17,order_status,1,0,107,neutral
770,202,2025-07-09,opening_hours,1,0,83,positive
771,214,2025-07-11,order_status,1,0,149,negative
772,81,2025-12-06,opening_hours,1,0,111,negative
773,26,2025-08-29,party_booking,0,1,444,negative
774,19,2025-11-25,menu_question,1,0,20,positive
775,215,2025-10-23,coupon_issue,1,0,81,neutral
776,54,2025-09-09,opening_hours,1,0,159,positive
777,444,2026-02-16,table_booking,0,1,260,negative
778,381,2025-10-15,table_booking,1,0,89,neutral
779,111,2025-08-05,delivery_delay,1,0,65,neutral
780,436,2025-12-13,order_status,0,1,490,negative
781,306,2025-07-16,table_booking,1,0,102,neutral
782,199,2026-03-06,delivery_delay,0,1,209,neutral
783,329,2025-10-16,opening_hours,1,0,149,positive
784,227,2025-08-07,order_status,1,0,28,neutral
785,51,2025-10-29,opening_hours,1,0,138,neutral
786,250,2026-01-01,refund_request,1,0,48,neutral
787,446,2026-01-13,party_booking,1,0,35,negative
788,216,2026-02-27,order_status,1,0,130,negative
789,61,2025-09-06,table_booking,0,1,336,neutral
790,136,2025-07-13,delivery_delay,1,0,174,negative
791,143,2025-11-30,refund_request,1,0,150,positive
792,194,2026-02-14,opening_hours,1,0,45,positive
793,346,2026-01-15,opening_hours,1,0,154,negative
794,219,2026-03-17,opening_hours,1,0,17,negative
795,393,2026-03-03,opening_hours,1,0,35,neutral
796,63,2025-10-31,order_status,1,0,174,neutral
797,313,2025-07-28,coupon_issue,0,1,313,neutral
798,143,2025-10-04,party_booking,1,0,50,neutral
799,154,2025-11-17,order_status,1,0,137,negative
800,211,2025-08-02,table_booking,1,0,79,neutral
801,424,2025-09-22,party_booking,1,0,29,neutral
802,163,2025-08-16,refund_request,1,0,79,neutral
803,409,2025-07-04,refund_request,1,0,58,negative
804,482,2025-07-16,refund_request,1,0,148,negative
805,312,2025-08-28,table_booking,1,0,180,neutral
806,274,2026-03-11,party_booking,1,0,135,neutral
807,16,2025-08-24,refund_request,1,0,174,positive
808,430,2025-09-27,order_status,1,0,130,negative
809,477,2026-03-02,coupon_issue,0,1,594,neutral
810,418,2025-11-03,menu_question,0,1,425,neutral
811,35,2026-03-23,opening_hours,1,0,119,negative
812,226,2026-03-28,opening_hours,1,0,74,positive
813,392,2026-01-17,refund_request,0,1,241,positive
814,6,2025-10-10,delivery_delay,1,0,119,positive
815,156,2026-03-22,opening_hours,1,0,171,neutral
816,207,2026-01-20,order_status,0,1,321,negative
817,250,2026-02-17,table_booking,0,1,295,neutral
818,153,2025-11-15,refund_request,0,1,468,negative
819,173,2025-11-25,menu_question,1,0,134,neutral
820,88,2025-07-25,table_booking,0,1,538,positive
821,443,2026-03-29,refund_request,0,1,439,positive
822,273,2025-07-05,table_booking,0,1,481,positive
823,422,2025-07-10,order_status,1,0,113,neutral
824,14,2025-11-25,order_status,1,0,124,negative
825,215,2025-07-21,table_booking,0,1,487,positive
826,449,2025-10-20,refund_request,1,0,95,positive
827,413,2025-12-01,table_booking,0,1,242,neutral
828,327,2026-02-19,order_status,1,0,83,negative
829,411,2025-09-13,party_booking,1,0,121,positive
830,334,2025-09-28,party_booking,1,0,161,negative
831,436,2025-10-10,refund_request,1,0,99,neutral
832,481,2025-12-07,delivery_delay,1,0,156,neutral
833,132,2025-12-12,party_booking,1,0,111,positive
834,213,2025-09-28,order_status,1,0,121,neutral
835,34,2025-07-08,refund_request,1,0,93,positive
836,326,2026-03-07,refund_request,1,0,178,neutral
837,189,2025-09-10,refund_request,1,0,124,neutral
838,359,2026-01-02,coupon_issue,1,0,31,positive
839,419,2025-08-01,refund_request,0,1,457,neutral
840,378,2026-01-27,party_booking,1,0,126,neutral
841,155,2025-07-27,menu_question,0,1,600,negative
842,317,2025-09-27,menu_question,0,1,527,positive
843,424,2025-12-18,refund_request,1,0,178,neutral
844,423,2025-10-01,order_status,1,0,125,positive
845,425,2026-03-30,opening_hours,0,1,511,positive
846,255,2026-03-19,menu_question,0,1,307,negative
847,146,2026-02-18,order_status,0,1,305,negative
848,392,2025-11-09,table_booking,1,0,84,negative
849,46,2026-03-15,order_status,1,0,152,positive
850,343,2025-11-11,table_booking,0,1,523,neutral
851,394,2025-11-15,opening_hours,1,0,34,positive
852,31,2026-01-22,table_booking,1,0,180,neutral
853,56,2025-08-19,order_status,0,1,412,positive
854,328,2026-02-11,delivery_delay,1,0,15,positive
855,61,2025-12-09,coupon_issue,1,0,73,negative
856,401,2025-11-06,coupon_issue,0,1,568,positive
857,281,2025-07-09,order_status,1,0,19,positive
858,300,2025-09-23,refund_request,1,0,105,positive
859,490,2026-02-27,party_booking,1,0,102,negative
860,97,2025-07-14,table_booking,1,0,84,negative
861,375,2025-10-16,delivery_delay,1,0,55,neutral
862,73,2025-07-13,order_status,1,0,109,negative
863,178,2026-01-12,delivery_delay,0,1,334,negative
864,255,2026-01-07,opening_hours,0,1,555,neutral
865,280,2025-10-21,refund_request,1,0,169,negative
866,396,2025-11-26,refund_request,1,0,163,negative
867,180,2025-08-10,order_status,0,1,460,neutral
868,272,2025-10-04,table_booking,1,0,159,neutral
869,247,2025-10-01,refund_request,1,0,147,positive
870,7,2025-08-06,opening_hours,0,1,503,negative
871,302,2026-03-25,coupon_issue,1,0,177,negative
872,375,2025-07-10,party_booking,0,1,354,neutral
873,81,2025-12-11,opening_hours,1,0,15,positive
874,468,2025-09-19,party_booking,1,0,151,negative
875,260,2026-02-14,order_status,1,0,99,positive
876,407,2025-07-17,delivery_delay,1,0,102,negative
877,465,2025-09-03,table_booking,1,0,164,positive
878,454,2026-02-22,coupon_issue,1,0,20,negative
879,205,2025-11-10,coupon_issue,1,0,141,positive
880,315,2025-09-24,table_booking,1,0,176,neutral
881,423,2025-11-15,table_booking,1,0,75,negative
882,52,2026-03-05,menu_question,0,1,514,negative
883,384,2025-07-01,menu_question,1,0,29,positive
884,388,2026-01-20,party_booking,0,1,492,negative
885,497,2025-08-06,opening_hours,1,0,176,neutral
886,476,2025-09-03,opening_hours,1,0,178,neutral
887,213,2026-02-01,coupon_issue,1,0,22,neutral
888,356,2025-10-21,order_status,1,0,102,neutral
889,188,2025-09-08,table_booking,1,0,42,negative
890,462,2025-10-07,table_booking,1,0,34,negative
891,198,2025-08-10,refund_request,1,0,99,positive
892,292,2025-07-24,table_booking,0,1,432,neutral
893,36,2026-01-13,opening_hours,1,0,83,positive
894,487,2025-07-20,opening_hours,1,0,90,positive
895,285,2025-10-29,menu_question,1,0,50,positive
896,67,2025-12-01,opening_hours,0,1,309,neutral
897,243,2025-08-29,table_booking,1,0,115,positive
898,221,2026-02-18,refund_request,1,0,131,negative
899,273,2025-09-23,menu_question,1,0,154,positive
900,21,2025-07-31,party_booking,1,0,170,positive
901,258,2025-11-09,party_booking,1,0,151,negative
902,24,2025-08-23,menu_question,1,0,103,neutral
903,139,2026-02-24,opening_hours,1,0,153,negative
904,190,2026-02-18,order_status,1,0,20,positive
905,413,2025-10-24,opening_hours,1,0,96,negative
906,302,2025-11-21,party_booking,0,1,222,positive
907,419,2025-10-20,party_booking,1,0,153,negative
908,437,2026-01-22,order_status,1,0,26,negative
909,3,2025-11-25,order_status,0,1,279,neutral
910,450,2025-10-17,table_booking,1,0,154,positive
911,14,2026-02-23,table_booking,1,0,54,neutral
912,488,2026-02-25,order_status,1,0,129,neutral
913,104,2026-02-08,coupon_issue,0,1,225,neutral
914,108,2026-03-28,delivery_delay,1,0,41,neutral
915,438,2025-09-11,refund_request,1,0,104,negative
916,84,2025-08-15,party_booking,0,1,269,neutral
917,490,2025-10-24,refund_request,0,1,458,positive
918,401,2025-11-10,table_booking,1,0,146,negative
919,220,2025-08-10,menu_question,1,0,109,negative
920,11,2025-12-02,coupon_issue,1,0,74,positive
921,204,2025-12-11,party_booking,0,1,244,positive
922,52,2025-09-07,party_booking,1,0,118,negative
923,55,2025-07-01,menu_question,0,1,517,neutral
924,213,2026-02-05,refund_request,0,1,245,positive
925,171,2025-09-16,opening_hours,1,0,130,positive
926,38,2025-07-07,party_booking,0,1,382,negative
927,211,2026-03-27,opening_hours,1,0,93,positive
928,149,2026-02-28,refund_request,1,0,170,neutral
929,219,2025-12-19,refund_request,1,0,89,positive
930,176,2025-09-27,order_status,1,0,112,negative
931,299,2026-03-09,party_booking,0,1,293,negative
932,425,2026-01-08,menu_question,1,0,113,positive
933,115,2025-09-21,refund_request,1,0,22,positive
934,136,2025-07-09,order_status,1,0,30,negative
935,226,2025-08-09,order_status,1,0,39,negative
936,313,2026-01-11,refund_request,1,0,29,negative
937,158,2026-03-07,party_booking,1,0,166,neutral
938,39,2025-08-16,order_status,1,0,179,negative
939,362,2025-12-24,refund_request,1,0,144,neutral
940,47,2026-01-18,delivery_delay,0,1,529,negative
941,350,2025-07-09,opening_hours,1,0,145,positive
942,165,2026-01-26,opening_hours,1,0,64,positive
943,497,2026-03-31,table_booking,1,0,36,negative
944,268,2025-10-19,coupon_issue,0,1,320,negative
945,105,2026-01-25,refund_request,1,0,150,positive
946,355,2026-03-25,party_booking,1,0,176,positive
947,146,2026-03-07,delivery_delay,1,0,81,positive
948,361,2026-02-03,party_booking,1,0,39,negative
949,252,2025-11-26,refund_request,1,0,119,neutral
950,256,2025-12-02,delivery_delay,1,0,66,positive
951,201,2026-03-28,refund_request,1,0,148,neutral
952,13,2025-09-27,order_status,1,0,58,negative
953,364,2025-07-21,coupon_issue,1,0,149,positive
954,194,2025-09-10,party_booking,1,0,67,positive
955,53,2025-10-04,order_status,1,0,48,negative
956,394,2026-02-24,opening_hours,0,1,294,neutral
957,4,2025-11-09,menu_question,1,0,79,neutral
958,472,2026-02-25,opening_hours,1,0,61,positive
959,156,2026-01-22,opening_hours,1,0,99,positive
960,212,2025-09-30,menu_question,1,0,33,neutral
961,54,2025-11-04,order_status,1,0,51,negative
962,284,2025-11-30,order_status,1,0,131,positive
963,365,2025-12-15,table_booking,1,0,105,neutral
964,134,2025-12-18,table_booking,1,0,122,neutral
965,274,2026-02-21,coupon_issue,1,0,154,negative
966,128,2025-08-30,delivery_delay,1,0,26,neutral
967,275,2025-10-29,refund_request,1,0,88,negative
968,91,2025-09-04,coupon_issue,1,0,88,negative
969,275,2025-08-30,opening_hours,0,1,519,positive
970,451,2026-01-03,refund_request,1,0,139,neutral
971,359,2025-12-28,coupon_issue,1,0,82,positive
972,53,2025-08-25,table_booking,1,0,89,negative
973,398,2026-02-22,refund_request,1,0,35,negative
974,87,2026-03-17,refund_request,0,1,340,negative
975,129,2025-11-22,table_booking,1,0,49,neutral
976,244,2025-08-07,delivery_delay,0,1,430,negative
977,54,2025-12-12,opening_hours,1,0,101,positive
978,424,2025-07-03,menu_question,1,0,87,neutral
979,250,2025-11-07,table_booking,0,1,181,negative
980,99,2025-07-15,delivery_delay,1,0,177,positive
981,442,2026-01-23,coupon_issue,0,1,489,negative
982,392,2026-01-16,order_status,1,0,90,positive
983,80,2025-11-03,party_booking,1,0,97,positive
984,421,2026-01-29,order_status,1,0,48,negative
985,8,2025-09-25,refund_request,1,0,113,neutral
986,215,2025-09-30,opening_hours,1,0,18,negative
987,5,2026-01-03,table_booking,1,0,45,negative
988,394,2026-03-19,table_booking,1,0,78,positive
989,1,2025-12-18,refund_request,1,0,54,negative
990,498,2026-01-20,party_booking,1,0,175,positive
991,27,2025-10-06,table_booking,1,0,30,negative
992,33,2026-02-03,delivery_delay,0,1,284,negative
993,303,2026-02-25,opening_hours,0,1,380,positive
994,58,2026-01-04,coupon_issue,1,0,32,negative
995,288,2025-07-31,party_booking,1,0,47,neutral
996,376,2025-09-07,delivery_delay,0,1,535,negative
997,158,2025-09-18,opening_hours,1,0,152,positive
998,157,2025-09-24,opening_hours,1,0,164,negative
999,420,2026-03-07,coupon_issue,1,0,104,negative
1000,46,2025-07-28,delivery_delay,0,1,562,positive
1001,482,2025-10-31,order_status,1,0,149,negative
1002,179,2026-02-19,delivery_delay,0,1,512,positive
1003,135,2026-01-21,refund_request,1,0,170,positive
1004,455,2026-02-08,menu_question,1,0,21,neutral
1005,165,2026-03-07,order_status,1,0,177,positive
1006,301,2026-01-26,menu_question,1,0,164,negative
1007,343,2025-07-30,coupon_issue,1,0,134,negative
1008,168,2025-09-19,table_booking,1,0,167,negative
1009,315,2025-08-19,coupon_issue,1,0,82,negative
1010,42,2025-08-06,menu_question,1,0,56,negative
1011,144,2025-12-20,coupon_issue,1,0,138,neutral
1012,301,2025-11-09,table_booking,0,1,475,positive
1013,216,2025-10-03,opening_hours,1,0,153,positive
1014,454,2026-03-10,delivery_delay,0,1,208,negative
1015,327,2025-07-12,order_status,1,0,20,positive
1016,292,2026-03-12,coupon_issue,0,1,570,negative
1017,341,2025-12-12,party_booking,1,0,52,negative
1018,465,2025-09-04,order_status,1,0,110,negative
1019,216,2026-03-14,table_booking,1,0,155,neutral
1020,218,2025-07-07,table_booking,1,0,158,positive
1021,66,2025-10-17,opening_hours,0,1,319,negative
1022,96,2025-11-28,coupon_issue,0,1,527,positive
1023,3,2025-09-08,order_status,1,0,25,neutral
1024,459,2026-02-15,delivery_delay,1,0,83,neutral
1025,26,2026-01-01,party_booking,1,0,55,neutral
1026,273,2026-03-03,party_booking,1,0,113,positive
1027,488,2025-07-28,refund_request,1,0,48,negative
1028,275,2025-07-16,menu_question,0,1,525,positive
1029,19,2026-01-30,refund_request,1,0,132,neutral
1030,322,2025-08-11,table_booking,0,1,576,positive
1031,24,2025-09-17,delivery_delay,1,0,95,negative
1032,245,2025-12-24,party_booking,1,0,125,negative
1033,397,2025-10-04,party_booking,1,0,130,neutral
1034,373,2025-12-30,order_status,1,0,145,neutral
1035,286,2025-12-13,opening_hours,0,1,364,positive
1036,372,2026-02-04,opening_hours,1,0,143,neutral
1037,269,2025-09-24,opening_hours,1,0,145,neutral
1038,58,2025-10-23,table_booking,1,0,59,neutral
1039,181,2025-11-11,opening_hours,1,0,102,positive
1040,123,2025-11-24,party_booking,1,0,104,positive
1041,300,2025-11-13,coupon_issue,1,0,16,neutral
1042,419,2025-08-30,coupon_issue,1,0,99,negative
1043,382,2026-01-14,refund_request,0,1,426,positive
1044,219,2025-12-19,menu_question,0,1,447,positive
1045,303,2026-01-18,menu_question,1,0,180,neutral
1046,439,2026-01-03,order_status,1,0,86,positive
1047,92,2026-03-26,menu_question,1,0,78,negative
1048,78,2025-11-25,menu_question,1,0,172,neutral
1049,434,2026-02-22,menu_question,1,0,16,positive
1050,366,2026-01-10,party_booking,1,0,132,neutral
1051,482,2025-10-08,opening_hours,1,0,82,negative
1052,320,2025-07-02,order_status,1,0,127,positive
1053,133,2025-10-23,opening_hours,1,0,84,neutral
1054,130,2025-10-14,coupon_issue,0,1,379,negative
1055,486,2026-03-22,refund_request,1,0,121,positive
1056,201,2025-08-16,party_booking,0,1,376,neutral
1057,496,2025-12-09,table_booking,1,0,63,positive
1058,405,2026-01-29,order_status,1,0,32,negative
1059,229,2025-07-19,table_booking,0,1,279,negative
1060,34,2025-09-07,opening_hours,1,0,96,negative
1061,434,2026-03-08,coupon_issue,1,0,175,negative
1062,386,2025-12-02,order_status,1,0,152,neutral
1063,217,2025-12-12,order_status,1,0,39,negative
1064,88,2026-01-29,menu_question,1,0,141,negative
1065,124,2026-02-16,refund_request,1,0,148,negative
1066,354,2025-11-01,order_status,1,0,93,positive
1067,88,2025-10-29,coupon_issue,1,0,59,positive
1068,91,2026-01-06,table_booking,0,1,272,neutral
1069,178,2025-12-11,party_booking,1,0,41,neutral
1070,92,2026-02-24,coupon_issue,0,1,350,positive
1071,467,2025-11-22,delivery_delay,1,0,120,positive
1072,69,2026-03-11,table_booking,1,0,40,neutral
1073,132,2025-07-18,delivery_delay,1,0,34,positive
1074,493,2026-01-11,table_booking,0,1,428,neutral
1075,119,2025-11-29,coupon_issue,1,0,86,negative
1076,213,2025-07-02,delivery_delay,1,0,111,positive
1077,126,2026-01-04,opening_hours,1,0,118,negative
1078,92,2026-03-11,table_booking,0,1,349,positive
1079,49,2026-01-01,menu_question,1,0,178,negative
1080,117,2025-12-27,menu_question,1,0,65,negative
1081,196,2026-03-17,order_status,1,0,94,negative
1082,187,2025-09-25,opening_hours,1,0,51,negative
1083,126,2025-12-18,coupon_issue,1,0,54,positive
1084,132,2025-07-19,order_status,0,1,364,positive
1085,24,2026-01-24,menu_question,0,1,295,negative
1086,9,2025-07-03,coupon_issue,1,0,150,negative
1087,70,2026-02-28,order_status,0,1,264,positive
1088,138,2025-07-27,party_booking,1,0,110,neutral
1089,288,2025-10-24,refund_request,1,0,106,neutral
1090,123,2026-03-18,order_status,1,0,31,negative
1091,395,2025-09-17,coupon_issue,0,1,493,negative
1092,399,2026-02-10,coupon_issue,1,0,114,negative
1093,287,2025-07-22,table_booking,0,1,546,neutral
1094,251,2025-10-15,refund_request,0,1,181,neutral
1095,320,2025-09-03,opening_hours,1,0,15,negative
1096,345,2025-11-25,table_booking,1,0,131,neutral
1097,14,2025-08-22,party_booking,0,1,187,neutral
1098,212,2026-01-17,order_status,0,1,444,negative
1099,392,2025-07-20,opening_hours,1,0,116,negative
1100,255,2025-09-07,delivery_delay,1,0,89,positive
1101,22,2025-11-07,refund_request,1,0,117,positive
1102,354,2025-08-02,menu_question,0,1,399,negative
1103,241,2025-08-21,refund_request,1,0,76,neutral
1104,303,2025-08-10,menu_question,0,1,547,positive
1105,427,2025-07-26,delivery_delay,1,0,42,positive
1106,418,2025-09-12,refund_request,1,0,120,negative
1107,439,2025-08-31,coupon_issue,1,0,48,negative
1108,148,2025-12-16,coupon_issue,1,0,81,negative
1109,305,2025-09-18,delivery_delay,1,0,20,positive
1110,119,2025-09-06,table_booking,1,0,39,positive
1111,67,2026-02-15,delivery_delay,1,0,56,neutral
1112,340,2025-10-29,order_status,1,0,165,neutral
1113,291,2025-08-19,refund_request,1,0,56,negative
1114,166,2026-01-11,menu_question,1,0,139,neutral
1115,95,2025-11-21,coupon_issue,1,0,139,neutral
1116,147,2025-07-29,party_booking,1,0,107,positive
1117,193,2025-08-05,coupon_issue,1,0,63,positive
1118,329,2026-02-24,table_booking,1,0,115,positive
1119,459,2025-10-30,opening_hours,1,0,139,positive
1120,466,2025-09-01,order_status,1,0,56,neutral
1121,36,2026-03-08,refund_request,1,0,165,positive
1122,150,2025-12-12,party_booking,1,0,131,positive
1123,279,2025-10-02,coupon_issue,1,0,143,positive
1124,33,2025-11-21,opening_hours,1,0,55,positive
1125,96,2025-09-21,refund_request,1,0,36,positive
1126,257,2025-12-14,delivery_delay,1,0,70,neutral
1127,308,2025-07-15,opening_hours,1,0,22,negative
1128,442,2025-11-27,table_booking,0,1,531,positive
1129,143,2025-12-01,menu_question,1,0,101,positive
1130,95,2025-09-18,coupon_issue,0,1,378,neutral
1131,346,2025-07-14,refund_request,1,0,73,negative
1132,330,2025-12-26,table_booking,1,0,55,negative
1133,495,2025-10-05,refund_request,1,0,132,neutral
1134,58,2025-12-28,refund_request,0,1,463,negative
1135,454,2025-10-28,refund_request,1,0,129,negative
1136,330,2026-01-03,menu_question,1,0,171,positive
1137,175,2025-11-02,table_booking,1,0,83,neutral
1138,288,2026-03-04,order_status,1,0,30,negative
1139,359,2025-10-03,order_status,0,1,424,positive
1140,116,2025-10-02,refund_request,1,0,138,positive
1141,287,2026-02-01,menu_question,1,0,169,neutral
1142,258,2025-11-30,opening_hours,1,0,87,neutral
1143,369,2025-12-27,delivery_delay,1,0,40,neutral
1144,281,2025-11-05,order_status,0,1,374,neutral
1145,22,2026-01-12,delivery_delay,1,0,50,neutral
1146,433,2025-07-01,delivery_delay,1,0,48,negative
1147,350,2026-01-05,coupon_issue,0,1,232,positive
1148,382,2025-08-01,order_status,1,0,120,positive
1149,335,2025-12-03,menu_question,1,0,119,neutral
1150,216,2026-03-17,table_booking,0,1,471,neutral
1151,487,2025-07-26,order_status,1,0,92,neutral
1152,19,2025-11-05,refund_request,1,0,83,positive
1153,431,2025-11-25,order_status,0,1,546,positive
1154,13,2026-02-06,order_status,1,0,72,positive
1155,209,2025-08-04,coupon_issue,0,1,332,positive
1156,357,2025-10-15,party_booking,1,0,53,negative
1157,137,2025-10-06,menu_question,1,0,31,neutral
1158,347,2026-01-27,refund_request,1,0,22,negative
1159,468,2026-01-03,refund_request,1,0,34,negative
1160,96,2025-09-22,order_status,1,0,117,neutral
1161,301,2026-02-13,coupon_issue,1,0,133,positive
1162,223,2026-02-10,opening_hours,1,0,56,negative
1163,212,2025-10-28,table_booking,1,0,22,neutral
1164,269,2025-08-10,table_booking,1,0,24,positive
1165,70,2025-11-28,coupon_issue,1,0,17,neutral
1166,201,2025-11-30,delivery_delay,1,0,145,neutral
1167,158,2025-07-11,table_booking,1,0,164,positive
1168,424,2025-07-28,table_booking,1,0,64,negative
1169,37,2025-11-28,delivery_delay,0,1,325,negative
1170,308,2025-10-15,table_booking,1,0,121,neutral
1171,29,2025-11-13,menu_question,1,0,30,neutral
1172,21,2025-11-18,refund_request,1,0,104,neutral
1173,403,2025-07-05,refund_request,1,0,148,negative
1174,234,2025-12-10,table_booking,1,0,18,neutral
1175,228,2025-12-31,menu_question,1,0,82,negative
1176,117,2025-12-24,menu_question,1,0,20,negative
1177,180,2025-08-31,coupon_issue,1,0,132,neutral
1178,27,2025-09-18,menu_question,1,0,73,negative
1179,199,2025-08-28,menu_question,0,1,242,positive
1180,41,2026-02-08,delivery_delay,0,1,421,positive
1181,132,2025-10-15,order_status,1,0,82,positive
1182,19,2026-01-18,menu_question,1,0,122,neutral
1183,6,2025-11-08,party_booking,1,0,96,neutral
1184,111,2025-09-01,table_booking,1,0,142,positive
1185,96,2025-09-13,table_booking,1,0,97,negative
1186,17,2025-12-04,order_status,0,1,562,positive
1187,154,2025-07-11,opening_hours,1,0,23,negative
1188,313,2026-02-05,delivery_delay,1,0,73,positive
1189,209,2025-07-20,menu_question,1,0,164,negative
1190,336,2025-10-30,menu_question,0,1,482,positive
1191,484,2025-11-15,table_booking,1,0,167,negative
1192,350,2026-03-16,menu_question,1,0,174,neutral
1193,483,2025-08-26,delivery_delay,1,0,179,positive
1194,265,2026-03-24,party_booking,0,1,336,negative
1195,40,2025-12-19,coupon_issue,1,0,106,neutral
1196,326,2025-10-07,coupon_issue,1,0,26,positive
1197,208,2026-02-04,coupon_issue,1,0,137,positive
1198,273,2026-02-07,opening_hours,0,1,322,negative
1199,33,2025-08-12,table_booking,1,0,58,negative
1200,328,2025-09-08,party_booking,1,0,84,positive
1201,10,2026-02-04,party_booking,1,0,173,negative
1202,120,2026-01-14,party_booking,1,0,32,positive
1203,253,2025-07-02,delivery_delay,1,0,28,negative
1204,313,2025-10-23,order_status,1,0,71,positive
1205,381,2025-08-19,order_status,1,0,60,positive
1206,288,2025-10-01,refund_request,0,1,377,positive
1207,425,2026-01-15,delivery_delay,1,0,129,positive
1208,302,2025-12-14,menu_question,1,0,112,negative
1209,432,2026-01-22,table_booking,0,1,467,neutral
1210,487,2026-02-02,menu_question,0,1,190,negative
1211,139,2025-07-01,refund_request,1,0,160,positive
1212,338,2026-03-02,opening_hours,0,1,290,neutral
1213,11,2026-03-28,opening_hours,1,0,67,positive
1214,418,2025-12-25,table_booking,1,0,118,negative
1215,253,2026-02-05,table_booking,0,1,354,neutral
1216,11,2026-03-27,table_booking,1,0,101,positive
1217,348,2025-07-28,refund_request,1,0,175,negative
1218,96,2026-01-01,table_booking,1,0,166,negative
1219,425,2025-07-19,order_status,0,1,369,neutral
1220,476,2025-11-29,coupon_issue,0,1,479,negative
1221,384,2025-11-25,menu_question,0,1,313,positive
1222,214,2025-08-03,opening_hours,1,0,18,negative
1223,93,2025-07-22,party_booking,1,0,163,positive
1224,391,2026-03-16,menu_question,1,0,94,negative
1225,450,2025-10-16,opening_hours,1,0,82,negative
1226,8,2025-10-30,delivery_delay,0,1,227,neutral
1227,227,2025-11-20,menu_question,0,1,572,neutral
1228,223,2026-02-10,order_status,1,0,25,neutral
1229,97,2026-03-10,order_status,1,0,65,negative
1230,448,2025-08-23,order_status,0,1,361,negative
1231,482,2025-09-06,delivery_delay,1,0,28,negative
1232,276,2025-11-04,opening_hours,1,0,65,negative
1233,31,2025-10-18,opening_hours,1,0,157,neutral
1234,227,2026-01-01,opening_hours,1,0,109,positive
1235,396,2025-12-14,menu_question,0,1,307,neutral
1236,339,2026-03-10,coupon_issue,1,0,49,neutral
1237,1,2026-03-23,menu_question,1,0,132,negative
1238,23,2025-07-14,refund_request,1,0,37,positive
1239,60,2025-07-02,refund_request,1,0,16,negative
1240,78,2025-10-31,coupon_issue,0,1,596,neutral
1241,5,2025-07-13,party_booking,1,0,148,negative
1242,413,2025-12-29,menu_question,0,1,384,positive
1243,289,2025-07-10,party_booking,0,1,313,neutral
1244,137,2025-07-25,coupon_issue,1,0,166,neutral
1245,382,2026-01-21,menu_question,1,0,180,positive
1246,65,2025-09-25,party_booking,1,0,128,positive
1247,221,2025-08-23,table_booking,1,0,180,positive
1248,87,2026-01-12,table_booking,1,0,61,negative
1249,333,2025-12-02,opening_hours,1,0,99,negative
1250,73,2025-08-16,order_status,1,0,144,neutral
1251,463,2025-11-06,refund_request,0,1,522,negative
1252,231,2025-11-18,order_status,1,0,170,positive
1253,273,2025-07-22,delivery_delay,1,0,90,negative
1254,226,2026-01-27,menu_question,0,1,335,neutral
1255,131,2025-10-23,refund_request,1,0,127,positive
1256,194,2025-07-19,table_booking,1,0,127,neutral
1257,115,2026-02-25,coupon_issue,1,0,70,positive
1258,271,2025-10-20,coupon_issue,1,0,161,positive
1259,7,2025-09-20,coupon_issue,0,1,264,negative
1260,250,2025-12-23,delivery_delay,0,1,331,neutral
1261,371,2025-08-10,order_status,1,0,55,positive
1262,387,2026-02-04,party_booking,1,0,16,negative
1263,477,2026-01-26,table_booking,1,0,111,neutral
1264,448,2025-12-10,party_booking,1,0,55,negative
1265,159,2025-09-05,order_status,0,1,364,negative
1266,67,2025-10-20,order_status,1,0,178,positive
1267,322,2025-12-01,coupon_issue,1,0,19,negative
1268,120,2026-01-21,refund_request,1,0,65,negative
1269,130,2026-01-10,opening_hours,1,0,20,negative
1270,62,2025-11-09,coupon_issue,1,0,115,positive
1271,71,2026-01-24,order_status,0,1,273,negative
1272,285,2025-10-23,menu_question,1,0,66,positive
1273,246,2025-07-09,party_booking,0,1,588,positive
1274,317,2025-07-22,coupon_issue,1,0,142,negative
1275,218,2025-07-12,menu_question,1,0,146,negative
1276,392,2025-10-24,refund_request,0,1,321,neutral
1277,37,2025-09-30,delivery_delay,1,0,180,negative
1278,129,2025-12-25,coupon_issue,0,1,440,positive
1279,103,2026-03-12,menu_question,1,0,140,negative
1280,158,2025-09-13,order_status,1,0,93,positive
1281,270,2025-09-07,table_booking,0,1,484,neutral
1282,423,2025-07-31,table_booking,1,0,124,neutral
1283,229,2025-12-18,order_status,1,0,97,positive
1284,498,2025-12-11,party_booking,0,1,506,negative
1285,458,2026-01-13,table_booking,1,0,115,neutral
1286,107,2025-10-20,opening_hours,1,0,61,neutral
1287,242,2025-11-21,menu_question,0,1,571,positive
1288,426,2026-02-08,refund_request,1,0,95,neutral
1289,213,2025-08-02,coupon_issue,1,0,55,negative
1290,136,2025-11-01,opening_hours,1,0,102,positive
1291,228,2026-03-28,delivery_delay,1,0,107,negative
1292,254,2026-02-28,refund_request,1,0,114,positive
1293,134,2026-01-17,table_booking,1,0,80,positive
1294,305,2026-01-10,coupon_issue,1,0,30,positive
1295,423,2025-09-18,order_status,1,0,145,positive
1296,464,2025-12-16,opening_hours,0,1,408,negative
1297,128,2026-02-28,party_booking,1,0,99,neutral
1298,1,2025-09-07,refund_request,1,0,135,positive
1299,145,2025-12-24,menu_question,0,1,411,neutral
1300,338,2025-07-04,delivery_delay,1,0,56,neutral
1301,420,2025-12-30,opening_hours,0,1,272,negative
1302,115,2026-01-09,party_booking,1,0,60,neutral
1303,190,2025-11-06,order_status,1,0,81,positive
1304,120,2025-12-04,refund_request,1,0,107,negative
1305,184,2025-12-16,refund_request,1,0,91,negative
1306,481,2025-09-25,delivery_delay,1,0,163,neutral
1307,225,2025-07-18,order_status,1,0,81,neutral
1308,444,2026-01-20,order_status,1,0,66,negative
1309,339,2025-07-06,menu_question,0,1,553,negative
1310,240,2026-01-14,delivery_delay,0,1,211,neutral
1311,440,2025-10-31,order_status,0,1,255,negative
1312,231,2025-08-02,order_status,0,1,445,positive
1313,139,2025-11-14,refund_request,1,0,164,negative
1314,353,2026-02-24,refund_request,1,0,94,neutral
1315,447,2025-09-29,coupon_issue,1,0,172,neutral
1316,420,2025-07-04,coupon_issue,1,0,146,negative
1317,198,2025-07-24,party_booking,1,0,80,negative
1318,90,2026-03-07,delivery_delay,1,0,134,positive
1319,58,2025-12-27,party_booking,1,0,64,neutral
1320,401,2025-08-13,order_status,0,1,242,neutral
1321,81,2025-08-03,party_booking,1,0,136,positive
1322,121,2026-03-28,party_booking,1,0,89,positive
1323,358,2025-10-19,menu_question,1,0,45,neutral
1324,218,2026-01-29,menu_question,1,0,94,negative
1325,346,2026-01-20,opening_hours,1,0,115,positive
1326,480,2025-08-08,delivery_delay,1,0,133,negative
1327,499,2025-10-01,delivery_delay,1,0,118,negative
1328,500,2026-02-02,party_booking,1,0,131,positive
1329,201,2026-02-12,menu_question,1,0,147,negative
1330,293,2025-12-31,party_booking,1,0,100,neutral
1331,275,2026-01-06,delivery_delay,1,0,95,positive
1332,306,2026-03-15,table_booking,0,1,193,negative
1333,97,2025-11-27,menu_question,1,0,128,positive
1334,129,2025-12-22,coupon_issue,1,0,88,neutral
1335,427,2025-08-19,menu_question,1,0,95,negative
1336,96,2025-10-01,menu_question,1,0,159,neutral
1337,44,2026-02-13,menu_question,0,1,180,neutral
1338,422,2025-07-14,opening_hours,1,0,124,negative
1339,311,2025-10-10,menu_question,1,0,115,neutral
1340,161,2025-11-02,refund_request,1,0,90,positive
1341,179,2025-12-13,table_booking,0,1,364,positive
1342,125,2025-09-28,menu_question,1,0,56,neutral
1343,486,2025-12-01,opening_hours,1,0,167,positive
1344,150,2025-12-31,party_booking,1,0,74,positive
1345,360,2026-03-03,table_booking,1,0,151,negative
1346,372,2025-09-03,order_status,1,0,62,positive
1347,35,2025-11-14,refund_request,1,0,109,neutral
1348,412,2025-10-07,opening_hours,0,1,495,negative
1349,264,2025-10-26,opening_hours,1,0,75,neutral
1350,324,2025-12-01,coupon_issue,1,0,163,negative
1351,449,2025-08-29,table_booking,1,0,64,positive
1352,402,2026-01-28,party_booking,0,1,469,positive
1353,325,2025-07-14,opening_hours,0,1,581,positive
1354,141,2025-09-10,coupon_issue,1,0,171,positive
1355,388,2025-08-09,menu_question,1,0,59,neutral
1356,229,2025-11-12,refund_request,1,0,176,neutral
1357,26,2026-02-06,party_booking,1,0,58,positive
1358,295,2025-10-15,party_booking,1,0,45,positive
1359,71,2025-07-10,refund_request,1,0,166,negative
1360,259,2025-10-07,table_booking,1,0,15,negative
1361,487,2026-01-05,order_status,0,1,430,neutral
1362,41,2026-02-08,table_booking,1,0,114,negative
1363,18,2025-10-30,table_booking,1,0,22,positive
1364,443,2025-12-15,coupon_issue,0,1,446,positive
1365,41,2025-10-11,menu_question,0,1,320,positive
1366,470,2025-11-01,opening_hours,1,0,106,neutral
1367,135,2025-10-09,delivery_delay,1,0,42,positive
1368,466,2025-12-24,coupon_issue,1,0,173,negative
1369,379,2025-09-05,menu_question,0,1,422,negative
1370,377,2025-08-25,opening_hours,0,1,498,negative
1371,25,2025-08-04,refund_request,1,0,31,neutral
1372,330,2026-01-30,order_status,0,1,471,positive
1373,10,2026-01-05,coupon_issue,1,0,67,neutral
1374,13,2025-07-14,menu_question,1,0,148,positive
1375,55,2025-08-12,order_status,0,1,518,positive
1376,380,2026-01-30,table_booking,1,0,89,positive
1377,312,2025-12-01,order_status,1,0,65,negative
1378,137,2026-03-10,refund_request,1,0,15,negative
1379,212,2025-07-18,menu_question,1,0,100,positive
1380,412,2025-07-15,order_status,1,0,103,neutral
1381,382,2025-09-27,coupon_issue,1,0,158,negative
1382,380,2025-07-09,coupon_issue,0,1,433,positive
1383,136,2026-01-27,coupon_issue,1,0,99,neutral
1384,183,2025-08-19,opening_hours,1,0,68,positive
1385,368,2025-11-22,table_booking,0,1,571,negative
1386,458,2026-02-16,coupon_issue,1,0,178,negative
1387,105,2026-01-06,refund_request,1,0,175,positive
1388,121,2026-03-20,menu_question,1,0,117,neutral
1389,226,2025-07-14,order_status,1,0,144,neutral
1390,347,2026-03-16,opening_hours,1,0,25,neutral
1391,356,2025-10-05,coupon_issue,1,0,18,positive
1392,406,2026-03-21,delivery_delay,1,0,153,negative
1393,167,2026-03-05,refund_request,1,0,154,positive
1394,99,2026-03-02,table_booking,1,0,135,positive
1395,385,2025-08-12,delivery_delay,1,0,156,negative
1396,210,2025-12-04,order_status,1,0,30,neutral
1397,130,2026-03-24,party_booking,0,1,219,positive
1398,132,2025-07-12,order_status,1,0,45,neutral
1399,8,2025-12-11,table_booking,1,0,156,positive
1400,125,2026-01-14,menu_question,1,0,23,positive
1401,20,2025-11-19,order_status,1,0,42,negative
1402,436,2025-09-08,refund_request,1,0,144,positive
1403,5,2025-11-23,order_status,1,0,98,positive
1404,359,2026-01-14,delivery_delay,1,0,107,neutral
1405,41,2025-11-17,coupon_issue,1,0,54,negative
1406,493,2026-02-14,table_booking,1,0,29,negative
1407,98,2025-09-05,menu_question,1,0,165,neutral
1408,56,2026-03-12,opening_hours,1,0,39,neutral
1409,264,2025-10-28,delivery_delay,1,0,24,negative
1410,208,2025-12-23,delivery_delay,0,1,390,positive
1411,68,2025-09-02,opening_hours,0,1,391,negative
1412,289,2025-11-30,menu_question,0,1,506,positive
1413,1,2025-08-09,menu_question,1,0,68,positive
1414,357,2025-07-12,menu_question,1,0,163,neutral
1415,173,2026-01-05,opening_hours,1,0,77,positive
1416,114,2025-10-07,opening_hours,1,0,40,neutral
1417,124,2025-12-05,coupon_issue,1,0,58,positive
1418,411,2026-03-16,table_booking,1,0,82,negative
1419,309,2025-07-29,order_status,0,1,442,negative
1420,441,2025-07-07,order_status,1,0,109,positive
1421,315,2025-11-16,delivery_delay,1,0,32,neutral
1422,279,2025-10-27,opening_hours,1,0,129,neutral
1423,92,2025-08-13,table_booking,1,0,140,positive
1424,240,2025-11-24,menu_question,0,1,370,negative
1425,41,2025-12-27,party_booking,0,1,473,negative
1426,383,2025-08-13,order_status,1,0,38,negative
1427,160,2025-12-30,order_status,1,0,123,neutral
1428,127,2025-12-10,delivery_delay,1,0,138,positive
1429,66,2025-12-04,delivery_delay,1,0,149,neutral
1430,475,2025-09-26,table_booking,1,0,20,positive
1431,317,2025-08-08,party_booking,0,1,376,neutral
1432,397,2025-08-24,refund_request,1,0,52,positive
1433,160,2025-12-19,party_booking,1,0,43,positive
1434,55,2025-11-26,order_status,0,1,374,positive
1435,370,2026-01-07,refund_request,1,0,30,positive
1436,144,2025-08-03,refund_request,1,0,44,positive
1437,108,2025-08-03,coupon_issue,1,0,93,positive
1438,43,2025-11-22,refund_request,1,0,137,negative
1439,348,2025-07-15,order_status,1,0,172,positive
1440,379,2025-09-07,party_booking,0,1,192,negative
1441,65,2026-02-04,table_booking,1,0,159,neutral
1442,205,2026-02-28,party_booking,1,0,104,neutral
1443,344,2026-02-09,coupon_issue,1,0,69,neutral
1444,8,2026-02-15,opening_hours,0,1,496,negative
1445,195,2026-02-17,delivery_delay,1,0,118,positive
1446,112,2026-01-27,table_booking,0,1,406,positive
1447,467,2025-08-24,coupon_issue,1,0,27,negative
1448,486,2025-12-30,delivery_delay,1,0,39,positive
1449,74,2026-03-05,table_booking,1,0,51,positive
1450,490,2026-01-06,refund_request,1,0,50,positive
1451,392,2025-08-13,coupon_issue,1,0,43,neutral
1452,459,2025-08-08,opening_hours,0,1,558,negative
1453,451,2026-02-27,coupon_issue,1,0,120,negative
1454,250,2025-07-21,party_booking,1,0,169,negative
1455,414,2025-12-17,menu_question,0,1,240,neutral
1456,253,2026-02-18,delivery_delay,1,0,30,positive
1457,254,2025-08-30,order_status,1,0,147,neutral
1458,6,2025-10-02,opening_hours,1,0,68,neutral
1459,446,2025-09-30,coupon_issue,1,0,145,negative
1460,370,2025-11-24,opening_hours,1,0,67,neutral
1461,36,2025-11-21,party_booking,1,0,142,neutral
1462,443,2025-07-14,table_booking,1,0,132,negative
1463,34,2025-08-04,party_booking,1,0,176,neutral
1464,143,2025-07-26,table_booking,1,0,139,neutral
1465,397,2026-03-18,coupon_issue,1,0,93,positive
1466,227,2025-10-13,opening_hours,1,0,28,neutral
1467,159,2026-01-20,party_booking,1,0,152,negative
1468,39,2026-01-25,menu_question,1,0,140,negative
1469,226,2025-10-21,coupon_issue,0,1,417,neutral
1470,302,2026-01-30,party_booking,0,1,559,neutral
1471,192,2025-09-03,party_booking,0,1,534,positive
1472,329,2025-08-22,menu_question,1,0,141,neutral
1473,438,2025-11-23,menu_question,0,1,585,neutral
1474,142,2025-12-28,order_status,1,0,167,neutral
1475,327,2025-07-16,party_booking,1,0,30,neutral
1476,458,2026-02-12,table_booking,0,1,503,negative
1477,192,2025-12-20,refund_request,1,0,20,positive
1478,249,2025-10-09,menu_question,0,1,314,positive
1479,78,2026-02-27,delivery_delay,0,1,480,positive
1480,56,2025-10-02,order_status,1,0,47,neutral
1481,27,2026-01-04,order_status,1,0,180,negative
1482,84,2025-12-15,menu_question,1,0,88,negative
1483,273,2025-12-29,opening_hours,1,0,118,neutral
1484,468,2025-09-18,coupon_issue,1,0,93,positive
1485,259,2025-09-08,delivery_delay,1,0,47,positive
1486,141,2025-08-07,table_booking,1,0,161,neutral
1487,22,2026-02-20,delivery_delay,1,0,55,negative
1488,32,2025-08-24,coupon_issue,1,0,122,positive
1489,319,2026-01-27,party_booking,0,1,404,positive
1490,192,2025-07-18,table_booking,1,0,56,positive
1491,377,2025-12-23,opening_hours,1,0,174,positive
1492,405,2025-09-30,table_booking,1,0,15,neutral
1493,373,2025-12-25,table_booking,1,0,160,neutral
1494,467,2025-08-28,order_status,0,1,446,neutral
1495,140,2025-12-27,delivery_delay,1,0,79,negative
1496,465,2025-11-13,menu_question,1,0,21,positive
1497,407,2025-09-26,table_booking,1,0,111,neutral
1498,207,2025-07-18,coupon_issue,1,0,120,positive
1499,126,2025-10-04,menu_question,0,1,241,negative
1500,494,2026-02-24,order_status,1,0,111,neutral
