customer_id,customer_name,city,area,phone,join_date,repeat_customer,preferred_channel
1,Turvi Hayer,Mumbai,Andheri,+918202481743,2025-11-24,0,takeaway
2,Vamakshi Mukherjee,Mumbai,Bandra,6249880845,2025-05-21,0,dine_in
3,Manthan Bumb,Mumbai,Andheri,7425582870,2026-01-13,0,takeaway
4,Indali Behl,Mumbai,Andheri,+911430207724,2025-08-05,0,dine_in
5,Daksh Warrior,Mumbai,Bandra,06964851983,2025-04-22,0,takeaway
6,Yashvi Nagy,Mumbai,Kurla,+911772701998,2025-04-12,1,dine_in
7,Naveen Mane,Mumbai,Ghatkopar,01200040643,2025-08-18,1,dine_in
8,Abha Kapoor,Mumbai,Bandra,00917405954,2026-01-24,1,delivery
9,Yug Iyengar,Mumbai,Bandra,01322329630,2025-05-23,0,delivery
10,Hamsini Kannan,Mumbai,Andheri,+915468819618,2025-02-22,1,dine_in
11,Siddharth Nagarajan,Mumbai,Powai,+918349768966,2025-07-03,1,dine_in
12,Jagdish Patla,Mumbai,Dadar,03374915156,2026-01-09,0,delivery
13,Harrison Ram,Mumbai,Ghatkopar,+914909023386,2025-02-10,1,takeaway
14,Pahal Lalla,Mumbai,Powai,+912298640641,2025-11-13,0,takeaway
15,Farhan Kashyap,Mumbai,Andheri,+910245724544,2025-02-05,0,delivery
16,Yashica Korpal,Mumbai,Bandra,3644673544,2025-02-10,0,delivery
17,Unnati Ahluwalia,Mumbai,Dadar,07638417207,2025-05-23,1,dine_in
18,Raagini Mohan,Mumbai,Powai,3198338788,2025-07-09,0,takeaway
19,Nidra Krishnamurthy,Mumbai,Kurla,7090856473,2025-05-17,0,takeaway
20,Maya Dhingra,Mumbai,Bandra,+917005919752,2025-11-22,0,dine_in
21,Veda Dara,Mumbai,Dadar,4023645652,2025-08-25,1,takeaway
22,Urishilla Dua,Mumbai,Ghatkopar,0452059182,2025-12-19,0,takeaway
23,Pahal Hans,Mumbai,Andheri,05429853529,2025-06-16,0,dine_in
24,Neel Raj,Mumbai,Powai,+917702327414,2026-02-17,1,delivery
25,Hamsini Sarma,Mumbai,Bandra,9793264001,2025-02-03,1,dine_in
26,Januja Madan,Mumbai,Dadar,7784712672,2025-12-02,1,takeaway
27,Aayush Wali,Mumbai,Bandra,7907658894,2025-08-23,1,dine_in
28,Balhaar Bandi,Mumbai,Kurla,05588871444,2025-05-07,1,takeaway
29,Bhavini Mishra,Mumbai,Dadar,08849649515,2025-10-27,1,delivery
30,Ethan Chatterjee,Mumbai,Bandra,08137299646,2025-04-23,1,dine_in
31,Isha Dhingra,Mumbai,Andheri,07645821774,2026-01-22,0,dine_in
32,Manbir Rai,Mumbai,Bandra,01232595846,2025-11-18,1,takeaway
33,Charles Padmanabhan,Mumbai,Dadar,+913022471466,2025-02-02,1,takeaway
34,Geetika Bandi,Mumbai,Ghatkopar,8676448286,2025-08-28,1,takeaway
35,Yachana Modi,Mumbai,Andheri,+910811600628,2026-03-17,0,takeaway
36,Hemal Ratti,Mumbai,Ghatkopar,+914631083556,2026-03-30,1,takeaway
37,Jasmit Salvi,Mumbai,Andheri,+913795792439,2025-06-24,1,delivery
38,Ikshita Sandhu,Mumbai,Dadar,+913559345881,2025-03-22,0,takeaway
39,Aryan Contractor,Mumbai,Kurla,6491191677,2026-03-25,1,takeaway
40,Ladli Bala,Mumbai,Bandra,6241142047,2026-01-26,0,takeaway
41,Abhimanyu Bhalla,Mumbai,Kurla,+915861507187,2025-06-02,0,dine_in
42,Anthony Kurian,Mumbai,Bandra,+910726134275,2025-07-11,0,takeaway
43,Abhimanyu Venkataraman,Mumbai,Dadar,5809430810,2025-06-15,0,dine_in
44,Dhriti Chacko,Mumbai,Powai,08467193429,2025-07-05,0,dine_in
45,Chandani Jha,Mumbai,Ghatkopar,05549366596,2025-05-04,0,dine_in
46,Vidhi Nath,Mumbai,Dadar,05706124536,2026-01-10,0,takeaway
47,Tanvi Manda,Mumbai,Bandra,+912149355186,2026-01-28,0,takeaway
48,Teerth Ravi,Mumbai,Ghatkopar,6855236346,2025-09-01,0,delivery
49,Tamanna Rama,Mumbai,Ghatkopar,00783251555,2025-09-28,1,dine_in
50,Ishanvi Bakshi,Mumbai,Kurla,4363864069,2025-10-04,0,takeaway
51,Nakul Mangal,Mumbai,Dadar,1588785390,2025-06-09,1,delivery
52,Yagnesh Ramanathan,Mumbai,Dadar,+919053975739,2025-09-22,0,dine_in
53,Dominic Saha,Mumbai,Andheri,02449745844,2025-04-26,1,dine_in
54,Nakul Mahajan,Mumbai,Ghatkopar,05624461672,2025-10-29,0,takeaway
55,Gavin Chada,Mumbai,Andheri,6427715120,2025-04-23,0,takeaway
56,Christopher Dhar,Mumbai,Andheri,7639078032,2025-11-20,0,dine_in
57,Daksh Mishra,Mumbai,Powai,2981824046,2025-01-17,0,takeaway
58,Gautam Mody,Mumbai,Powai,1518942433,2025-05-02,1,dine_in
59,Aachal Seth,Mumbai,Bandra,+912661077292,2025-10-04,1,dine_in
60,Upma Rao,Mumbai,Dadar,+919041684371,2026-02-06,1,dine_in
61,Mitali Salvi,Mumbai,Andheri,+914217052961,2025-02-18,1,delivery
62,Brinda Keer,Mumbai,Dadar,+910273338080,2025-08-05,1,takeaway
63,Ishani Khanna,Mumbai,Kurla,02196531143,2025-01-28,0,dine_in
64,Anvi Oak,Mumbai,Kurla,+913315932916,2025-07-26,1,dine_in
65,Indira Memon,Mumbai,Bandra,+919129736092,2025-05-08,0,takeaway
66,Isaiah Bava,Mumbai,Bandra,+912121275639,2025-08-18,1,dine_in
67,Darsh Borra,Mumbai,Dadar,00903246174,2025-05-23,0,dine_in
68,Rehaan Karnik,Mumbai,Ghatkopar,03234039071,2025-08-15,0,dine_in
69,Benjamin Garg,Mumbai,Ghatkopar,6164464358,2025-11-30,0,dine_in
70,Krish Chander,Mumbai,Bandra,+919127723883,2026-01-21,0,delivery
71,Pahal Nazareth,Mumbai,Dadar,02241927081,2025-09-06,0,delivery
72,Aishani Warrior,Mumbai,Bandra,6456595607,2025-01-31,1,dine_in
73,Sneha Mallick,Mumbai,Powai,9138705832,2025-07-19,1,delivery
74,Nakul Rajagopal,Mumbai,Kurla,00777675384,2025-08-05,1,dine_in
75,Jackson Goda,Mumbai,Powai,+914519393225,2025-04-08,0,dine_in
76,Upkaar Korpal,Mumbai,Kurla,09065726429,2025-10-24,0,takeaway
77,Kiaan Verma,Mumbai,Andheri,+911722062027,2025-06-10,0,takeaway
78,Zansi Wason,Mumbai,Ghatkopar,02738247127,2025-09-02,0,dine_in
79,Balhaar Kumar,Mumbai,Andheri,02451846631,2025-09-18,0,dine_in
80,Bishakha Karnik,Mumbai,Andheri,02108047234,2025-11-01,0,delivery
81,Chaitanya Bajaj,Mumbai,Ghatkopar,2610581856,2025-03-03,0,takeaway
82,Indrajit Bhatnagar,Mumbai,Andheri,09171924805,2025-11-01,0,delivery
83,Hemangini Ganesh,Mumbai,Ghatkopar,+912405878715,2025-12-03,1,delivery
84,Benjamin Badal,Mumbai,Kurla,+914119546579,2025-04-15,1,dine_in
85,Gagan Iyengar,Mumbai,Dadar,00221317420,2025-05-16,0,takeaway
86,Nilima Sood,Mumbai,Powai,+914698139764,2025-11-27,1,delivery
87,Tripti Kothari,Mumbai,Andheri,1481864821,2026-01-20,0,delivery
88,George Parmer,Mumbai,Ghatkopar,09615016183,2025-11-15,0,dine_in
89,Harinakshi Sanghvi,Mumbai,Bandra,00372665782,2025-10-03,1,dine_in
90,Chanakya Ramanathan,Mumbai,Andheri,+917169975134,2025-06-28,0,delivery
91,Eshana Deep,Mumbai,Bandra,+912277329018,2025-05-26,1,takeaway
92,Yamini Vala,Mumbai,Powai,9128908392,2025-12-27,0,takeaway
93,Hitesh Bawa,Mumbai,Ghatkopar,09076542043,2026-02-23,1,takeaway
94,Ishwar Kale,Mumbai,Bandra,08060585752,2025-02-23,1,dine_in
95,Rachit Lanka,Mumbai,Kurla,5575397129,2025-02-24,0,delivery
96,Liam Pall,Mumbai,Ghatkopar,09742754725,2025-05-25,0,takeaway
97,Zehaan Dash,Mumbai,Bandra,+915240651893,2025-06-25,1,takeaway
98,Avni Mohanty,Mumbai,Powai,08098263829,2025-09-08,0,dine_in
99,Divya Sheth,Mumbai,Dadar,6375413369,2025-11-21,1,dine_in
100,Hitesh Mani,Mumbai,Powai,02369682754,2025-01-02,0,takeaway
101,Jagrati Vyas,Mumbai,Bandra,1583289611,2025-05-15,1,takeaway
102,Patrick Narayanan,Mumbai,Dadar,08289167442,2025-12-28,0,dine_in
103,Charles Prashad,Mumbai,Kurla,+915781358618,2025-02-08,0,takeaway
104,Eshana Sathe,Mumbai,Powai,+915910225365,2025-01-19,0,delivery
105,Quincy Goswami,Mumbai,Andheri,02711309922,2025-03-07,1,delivery
106,Ranbir Din,Mumbai,Andheri,6988252106,2026-02-12,1,dine_in
107,Januja Deshmukh,Mumbai,Bandra,+913795999180,2025-12-16,0,delivery
108,Liam Kale,Mumbai,Ghatkopar,+913286525711,2026-02-04,1,takeaway
109,Chakradhar Desai,Mumbai,Bandra,7644567119,2026-01-19,0,dine_in
110,Jatin Sanghvi,Mumbai,Bandra,8872999202,2026-02-14,1,dine_in
111,Daksha Parekh,Mumbai,Kurla,3659642647,2025-04-02,1,delivery
112,Janaki Mand,Mumbai,Kurla,3829981224,2026-02-15,0,delivery
113,Wridesh Bhatnagar,Mumbai,Kurla,6796153205,2025-03-23,0,delivery
114,Tarak Mahal,Mumbai,Andheri,1811067004,2026-03-23,1,dine_in
115,Janya Lata,Mumbai,Dadar,06745569649,2025-04-13,1,delivery
116,Harinakshi Majumdar,Mumbai,Bandra,0064837942,2026-02-25,0,dine_in
117,Omya Master,Mumbai,Bandra,+914933435471,2025-12-04,1,delivery
118,Abeer Bora,Mumbai,Andheri,03730026228,2025-05-23,1,delivery
119,Daksh Chauhan,Mumbai,Ghatkopar,04709072295,2025-11-25,1,takeaway
120,Sathvik Gill,Mumbai,Ghatkopar,05468779763,2026-03-08,1,dine_in
121,Tristan Tripathi,Mumbai,Powai,7296957029,2025-03-01,0,takeaway
122,Viraj Venkataraman,Mumbai,Andheri,03863928959,2025-05-16,0,takeaway
123,Praneel Mallick,Mumbai,Powai,1489884539,2025-08-11,1,delivery
124,Chandani Wali,Mumbai,Ghatkopar,+919256121030,2025-11-07,0,delivery
125,Libni Sabharwal,Mumbai,Bandra,05415862171,2025-10-23,1,dine_in
126,Girindra Nanda,Mumbai,Dadar,+917918104541,2025-12-29,0,takeaway
127,Owen Subramaniam,Mumbai,Ghatkopar,9244946779,2026-02-17,0,delivery
128,Lavanya Ramesh,Mumbai,Andheri,+911078342086,2025-08-09,1,takeaway
129,Vincent Anne,Mumbai,Kurla,09849885686,2025-06-10,0,takeaway
130,Alexander Roy,Mumbai,Ghatkopar,2984965438,2025-06-03,1,takeaway
131,Brijesh Mitra,Mumbai,Powai,02249576569,2025-07-29,1,takeaway
132,Meghana Grover,Mumbai,Ghatkopar,06037904087,2025-06-01,0,dine_in
133,Yatan Dar,Mumbai,Kurla,+919527627251,2025-08-04,1,takeaway
134,Barkha Padmanabhan,Mumbai,Bandra,+911869052624,2026-01-19,1,delivery
135,Varenya Narain,Mumbai,Andheri,07284366513,2025-10-08,1,delivery
136,Zilmil Venkatesh,Mumbai,Dadar,6806558872,2025-04-18,1,delivery
137,Vrishti Sidhu,Mumbai,Dadar,+915554004440,2025-08-15,0,takeaway
138,Bhavna Mand,Mumbai,Kurla,6851382958,2025-08-31,0,takeaway
139,Gaurav Natarajan,Mumbai,Powai,00824642307,2025-02-13,1,dine_in
140,Kamya Thaman,Mumbai,Bandra,7025364510,2026-02-24,1,dine_in
141,Viraj Nagi,Mumbai,Bandra,+913697297310,2026-02-17,0,dine_in
142,Chavvi Mohanty,Mumbai,Bandra,8155197147,2025-01-24,1,takeaway
143,Benjamin D’Alia,Mumbai,Andheri,6149396791,2026-03-12,1,delivery
144,Girik Ghosh,Mumbai,Kurla,05106977281,2026-03-30,0,takeaway
145,Rishi Saini,Mumbai,Dadar,1503780126,2025-12-23,1,delivery
146,Falak Basak,Mumbai,Bandra,04862660215,2025-05-05,0,dine_in
147,Eiravati Bawa,Mumbai,Dadar,6395005737,2026-02-03,0,dine_in
148,Upma Ravel,Mumbai,Kurla,+917532992826,2026-02-16,1,dine_in
149,Henry Pathak,Mumbai,Bandra,09587837995,2025-10-13,0,delivery
150,Chatresh Viswanathan,Mumbai,Dadar,05379915863,2025-03-10,1,delivery
151,Ansh Zacharia,Mumbai,Kurla,8610444181,2025-11-10,1,takeaway
152,Gaurang Rajagopalan,Mumbai,Bandra,0557607785,2025-08-17,1,delivery
153,Aishani Dhaliwal,Mumbai,Bandra,8795039545,2025-05-13,1,takeaway
154,Girik Bail,Mumbai,Kurla,+918771644355,2025-09-06,0,delivery
155,Yutika Sant,Mumbai,Andheri,+918289924164,2025-08-14,1,dine_in
156,Chakrika Rege,Mumbai,Powai,2698798606,2025-05-20,1,takeaway
157,Sai Barman,Mumbai,Bandra,4048258689,2025-02-11,0,dine_in
158,Qasim Joshi,Mumbai,Kurla,7306048876,2025-07-16,0,takeaway
159,Yashvi Nanda,Mumbai,Andheri,07272941133,2025-04-20,1,delivery
160,Aditya Nagy,Mumbai,Ghatkopar,+916878849465,2025-06-19,1,delivery
161,Krishna Deo,Mumbai,Bandra,03622940645,2025-02-01,1,delivery
162,Neelima Ranganathan,Mumbai,Ghatkopar,+919924566132,2026-01-30,0,takeaway
163,Ladli Agrawal,Mumbai,Dadar,+918730537845,2025-07-14,0,delivery
164,Warda Bhavsar,Mumbai,Dadar,3790586175,2025-06-02,1,takeaway
165,Abha Solanki,Mumbai,Kurla,+915685801229,2026-01-18,0,delivery
166,Ekapad Comar,Mumbai,Powai,+914242112811,2025-04-23,1,delivery
167,Charan Shankar,Mumbai,Dadar,2037602207,2025-01-15,1,takeaway
168,Oscar Chandran,Mumbai,Dadar,8928278444,2025-12-14,0,delivery
169,Simon Boase,Mumbai,Ghatkopar,2137499944,2025-03-07,0,delivery
170,Vincent Lanka,Mumbai,Ghatkopar,02223326116,2025-10-31,0,dine_in
171,Harsh Kothari,Mumbai,Dadar,04258193890,2025-11-26,0,delivery
172,Falak Karpe,Mumbai,Andheri,3486089077,2025-04-04,1,delivery
173,Jalsa Parekh,Mumbai,Bandra,1983410343,2025-06-17,1,delivery
174,Timothy Khare,Mumbai,Dadar,07805974974,2025-06-22,1,delivery
175,Riya Munshi,Mumbai,Andheri,03323726361,2025-05-10,1,dine_in
176,Chameli Chander,Mumbai,Ghatkopar,+913275445410,2026-01-19,0,delivery
177,Yoshita Chauhan,Mumbai,Kurla,7013167815,2025-04-25,0,takeaway
178,Hitesh Roy,Mumbai,Andheri,+913856985465,2025-01-21,0,dine_in
179,Ranveer Halder,Mumbai,Andheri,00053746530,2026-03-06,0,dine_in
180,Nitesh Dalal,Mumbai,Dadar,02522196108,2025-03-06,0,takeaway
181,Urishilla Srinivasan,Mumbai,Dadar,09192269789,2025-04-22,1,delivery
182,Irya Narayan,Mumbai,Ghatkopar,+910374460110,2025-03-27,0,dine_in
183,Qarin Dave,Mumbai,Andheri,0968974671,2025-06-09,0,delivery
184,Adweta Srivastava,Mumbai,Kurla,8215111947,2025-10-22,1,delivery
185,Dhriti Yohannan,Mumbai,Bandra,02901667372,2026-01-02,0,takeaway
186,Raksha Balasubramanian,Mumbai,Kurla,+918718571100,2025-12-20,0,dine_in
187,Hemal Chahal,Mumbai,Powai,+910675374851,2025-12-23,0,takeaway
188,Simon Narayanan,Mumbai,Andheri,+915438851516,2026-02-05,1,takeaway
189,Vanya Mall,Mumbai,Kurla,9438032794,2025-08-08,1,dine_in
190,Benjamin Iyengar,Mumbai,Kurla,09107992773,2025-09-17,1,dine_in
191,Bakhshi Pradhan,Mumbai,Dadar,04787700244,2026-03-11,1,dine_in
192,Radhika Prabhu,Mumbai,Powai,0236233043,2025-08-10,1,takeaway
193,Teerth Kala,Mumbai,Dadar,+916574752172,2025-03-20,0,takeaway
194,Waida Nair,Mumbai,Kurla,+919037278738,2025-09-25,1,takeaway
195,Adya Pandey,Mumbai,Ghatkopar,06693761541,2026-02-18,1,delivery
196,Finn Virk,Mumbai,Kurla,6905136843,2025-08-12,1,delivery
197,Hema Din,Mumbai,Bandra,03776384407,2026-03-13,0,delivery
198,Jeet Venkatesh,Mumbai,Dadar,+911637593979,2026-03-28,0,delivery
199,Krisha Dixit,Mumbai,Ghatkopar,9702528528,2025-10-19,1,delivery
200,Madhavi Kurian,Mumbai,Dadar,2106478758,2025-01-15,1,dine_in
201,Bakhshi Madan,Mumbai,Bandra,2680825491,2025-09-07,1,delivery
202,Krisha Balasubramanian,Mumbai,Powai,+913814302562,2025-06-24,1,takeaway
203,Yashasvi Swaminathan,Mumbai,Ghatkopar,7555405819,2025-01-06,0,dine_in
204,Dayita Handa,Mumbai,Kurla,+914026690973,2025-05-04,1,delivery
205,Lakshit Dey,Mumbai,Bandra,+914180380131,2025-10-12,1,takeaway
206,Wyatt Nayak,Mumbai,Dadar,7609808194,2025-12-31,1,dine_in
207,Nimrat Bhavsar,Mumbai,Powai,6510351255,2025-02-17,0,delivery
208,Mekhala Dora,Mumbai,Bandra,1407006139,2025-12-21,1,takeaway
209,Shaurya Manne,Mumbai,Powai,08186493845,2025-10-25,1,takeaway
210,Oviya Batta,Mumbai,Powai,04633067709,2025-09-29,1,takeaway
211,Sathvik Chander,Mumbai,Powai,04117453985,2025-10-09,1,takeaway
212,Yachana Nair,Mumbai,Powai,3934369784,2025-08-21,1,delivery
213,Mason Jaggi,Mumbai,Andheri,05546882295,2025-04-29,0,delivery
214,Arin Bajwa,Mumbai,Kurla,03513706348,2025-03-03,0,dine_in
215,Forum Modi,Mumbai,Kurla,+915180202016,2025-04-21,1,delivery
216,Saanvi Samra,Mumbai,Ghatkopar,+912991375072,2026-01-06,1,dine_in
217,Devansh Mitter,Mumbai,Bandra,9170506418,2026-03-03,1,dine_in
218,Chandani Krish,Mumbai,Bandra,0784522618,2025-07-04,1,dine_in
219,Daksh Roy,Mumbai,Ghatkopar,+912147707076,2025-12-29,0,delivery
220,Chanakya Memon,Mumbai,Andheri,05267160115,2025-01-24,1,takeaway
221,Jacob Rajagopal,Mumbai,Kurla,06504728201,2025-03-06,1,dine_in
222,Chakradev Gole,Mumbai,Andheri,+911779913151,2026-03-23,1,delivery
223,Anusha Zachariah,Mumbai,Dadar,+919235819202,2025-09-03,1,dine_in
224,Xavier Char,Mumbai,Powai,09830243779,2025-01-27,1,dine_in
225,Jairaj Barad,Mumbai,Andheri,6941911881,2026-02-25,1,delivery
226,Chakrika Dass,Mumbai,Ghatkopar,05403611480,2025-02-07,0,dine_in
227,Jonathan Divan,Mumbai,Ghatkopar,+911076187640,2025-03-18,1,dine_in
228,Turvi Malhotra,Mumbai,Andheri,09928935586,2025-05-08,1,takeaway
229,Kai Kohli,Mumbai,Ghatkopar,9704950714,2025-11-02,0,takeaway
230,Anmol Bedi,Mumbai,Dadar,07314589866,2025-07-14,1,delivery
231,Geetika Sundaram,Mumbai,Ghatkopar,8859983443,2026-03-17,1,delivery
232,Indali Pai,Mumbai,Ghatkopar,01674674604,2025-10-19,0,takeaway
233,Kavya Choudhry,Mumbai,Andheri,3189481404,2026-01-14,0,takeaway
234,Harrison Nayak,Mumbai,Powai,01617620345,2025-04-19,0,dine_in
235,Robert Gulati,Mumbai,Bandra,07668775038,2025-05-03,0,dine_in
236,Nathaniel Sekhon,Mumbai,Dadar,07597822336,2025-01-02,1,takeaway
237,Anthony Krishna,Mumbai,Dadar,00603757624,2025-11-01,1,dine_in
238,Indrajit Sibal,Mumbai,Powai,7083865177,2025-04-29,1,takeaway
239,Gaurika Trivedi,Mumbai,Dadar,+912074996695,2026-03-17,0,takeaway
240,Riya Prakash,Mumbai,Powai,+916864132138,2025-04-30,0,delivery
241,Kamala Nagi,Mumbai,Ghatkopar,01116990315,2025-02-28,0,takeaway
242,Radha Srinivasan,Mumbai,Powai,07952497940,2025-03-18,0,dine_in
243,Bahadurjit Chatterjee,Mumbai,Bandra,+917607619729,2025-01-31,1,takeaway
244,Veda Dave,Mumbai,Ghatkopar,4388822951,2026-01-19,1,delivery
245,Daniel Sen,Mumbai,Dadar,9920584728,2025-03-05,1,takeaway
246,Tanay Tailor,Mumbai,Powai,6233800948,2025-07-26,1,delivery
247,Omaja Kashyap,Mumbai,Ghatkopar,+918684050801,2025-02-11,0,delivery
248,Ishita Jain,Mumbai,Powai,02565016644,2026-01-12,1,dine_in
249,Yagnesh Mall,Mumbai,Bandra,02938314652,2025-02-16,0,takeaway
250,Vasana Halder,Mumbai,Powai,08934309309,2026-02-25,0,dine_in
251,Abhimanyu Dara,Mumbai,Ghatkopar,08724111705,2025-08-29,1,delivery
252,Pratyush Sandal,Mumbai,Ghatkopar,05662689749,2025-04-03,1,takeaway
253,Elijah Pradhan,Mumbai,Dadar,+912194457047,2026-02-21,0,delivery
254,Vyanjana Dara,Mumbai,Dadar,+912944398500,2025-06-28,1,delivery
255,Bhavya Suri,Mumbai,Andheri,8319895573,2025-12-10,0,delivery
256,Arya Kohli,Mumbai,Kurla,04619528951,2025-07-30,1,delivery
257,Kabir Srinivas,Mumbai,Dadar,6924019875,2025-12-06,0,delivery
258,Ishwar Misra,Mumbai,Powai,01361677541,2025-02-15,1,delivery
259,Gaurika Vohra,Mumbai,Dadar,+919859351545,2025-03-01,0,takeaway
260,Radha Ratta,Mumbai,Ghatkopar,00527508620,2026-03-22,1,delivery
261,Ranbir Bora,Mumbai,Bandra,+910155951694,2025-01-28,1,takeaway
262,Vasana Bajwa,Mumbai,Dadar,8015950907,2026-01-23,1,dine_in
263,Kashvi Bath,Mumbai,Powai,00263868564,2025-04-15,0,delivery
264,Ishani Dave,Mumbai,Kurla,2584152412,2025-08-13,1,dine_in
265,Ganga Kara,Mumbai,Kurla,05666094242,2025-01-15,0,takeaway
266,Noah Nadkarni,Mumbai,Powai,07685722364,2025-03-23,0,takeaway
267,Yashasvi Chawla,Mumbai,Andheri,4658337937,2025-07-28,0,dine_in
268,Lakshmi Kade,Mumbai,Andheri,3725098821,2025-08-25,0,delivery
269,Xavier Chowdhury,Mumbai,Powai,+910700446877,2026-01-02,1,delivery
270,Ekansh Kapadia,Mumbai,Dadar,1864377680,2026-03-04,1,dine_in
271,Shivani Warrior,Mumbai,Ghatkopar,04195663994,2025-08-22,0,delivery
272,Ekapad Pant,Mumbai,Ghatkopar,04273833335,2025-04-08,0,dine_in
273,Nathaniel Chauhan,Mumbai,Dadar,+913578780223,2025-05-22,1,takeaway
274,Daniel Das,Mumbai,Andheri,1468058653,2025-05-17,1,takeaway
275,Mason Sekhon,Mumbai,Ghatkopar,+918988296850,2025-06-02,1,dine_in
276,Qushi Bhagat,Mumbai,Ghatkopar,+910324916224,2025-08-17,1,delivery
277,Fariq Chand,Mumbai,Ghatkopar,00291215390,2025-06-20,1,delivery
278,Mohammed Mangal,Mumbai,Bandra,4123679062,2025-06-14,0,takeaway
279,Azaan Pant,Mumbai,Bandra,6331076696,2025-07-16,1,dine_in
280,Bhavika Chaudhuri,Mumbai,Kurla,0585629028,2025-06-12,1,takeaway
281,Laksh Bedi,Mumbai,Dadar,6999607420,2026-02-20,1,takeaway
282,Michael Dhingra,Mumbai,Kurla,8076690357,2026-02-10,0,delivery
283,Vidhi Morar,Mumbai,Bandra,+919277811847,2025-01-19,1,dine_in
284,Banjeet Mahajan,Mumbai,Dadar,1750323573,2026-03-24,0,takeaway
285,Yagnesh Dave,Mumbai,Andheri,+917681511287,2025-08-22,0,delivery
286,Oeshi Nadig,Mumbai,Kurla,1887150498,2026-03-22,0,dine_in
287,Matthew Choudhary,Mumbai,Powai,02850204741,2025-08-29,1,takeaway
288,Nilima Maharaj,Mumbai,Dadar,+919072772937,2025-12-21,0,delivery
289,Wridesh Sura,Mumbai,Kurla,+910321161799,2026-03-13,1,delivery
290,Yashodhara Bir,Mumbai,Kurla,9459952799,2025-11-17,1,takeaway
291,Neha Kumar,Mumbai,Ghatkopar,3578629047,2025-01-19,0,dine_in
292,Xiti Nath,Mumbai,Kurla,07025125715,2025-11-20,1,dine_in
293,Tanveer Dey,Mumbai,Andheri,+917219810027,2026-01-18,1,dine_in
294,Abha Mani,Mumbai,Kurla,8901523344,2026-01-25,0,delivery
295,Krisha Sibal,Mumbai,Kurla,+910544383384,2025-03-27,1,dine_in
296,Chanchal Bakshi,Mumbai,Powai,07142113915,2025-01-24,0,delivery
297,Ayush Saran,Mumbai,Powai,3487115857,2025-07-03,1,dine_in
298,Chakradev Seshadri,Mumbai,Ghatkopar,+916668137163,2025-05-06,1,takeaway
299,Bachittar Bahl,Mumbai,Bandra,+911300799591,2025-12-16,0,dine_in
300,Jagrati Lal,Mumbai,Ghatkopar,2243450409,2025-02-10,1,takeaway
301,Nakul Mital,Mumbai,Bandra,6847756726,2025-12-16,1,takeaway
302,Akshay Wagle,Mumbai,Bandra,00257766990,2025-03-15,1,takeaway
303,Ekantika Misra,Mumbai,Dadar,+916868655648,2025-05-11,1,takeaway
304,Lohit Oak,Mumbai,Dadar,4219541598,2025-01-05,1,takeaway
305,Timothy Bajaj,Mumbai,Bandra,+915547107686,2025-10-07,0,delivery
306,Nikita Mani,Mumbai,Ghatkopar,+912064044210,2025-06-26,1,takeaway
307,Pranav Desai,Mumbai,Kurla,5399880268,2025-08-06,1,delivery
308,Zayyan Gade,Mumbai,Powai,04201167290,2026-03-09,0,delivery
309,Amruta Thaman,Mumbai,Dadar,06162822871,2026-03-13,0,dine_in
310,Gunbir Sood,Mumbai,Ghatkopar,03784582659,2025-07-15,1,takeaway
311,Advika Varkey,Mumbai,Kurla,+918245808115,2025-06-01,1,dine_in
312,Zaid More,Mumbai,Kurla,5994345769,2026-03-01,1,delivery
313,Triveni Raman,Mumbai,Ghatkopar,6021156857,2025-01-05,0,takeaway
314,Charita Aurora,Mumbai,Dadar,+913682643953,2026-01-17,1,dine_in
315,Peter Nayar,Mumbai,Powai,08242527996,2025-11-07,0,takeaway
316,Jairaj Varughese,Mumbai,Ghatkopar,+919135665136,2025-04-08,1,takeaway
317,Aarush Mohanty,Mumbai,Kurla,+910460344378,2026-01-22,0,takeaway
318,Hema Deol,Mumbai,Kurla,05599721283,2025-02-19,0,delivery
319,Ayush Sahni,Mumbai,Dadar,0351458975,2026-02-08,0,takeaway
320,Meghana Deol,Mumbai,Kurla,4411437212,2025-07-06,0,dine_in
321,Leena Chada,Mumbai,Powai,+918294020328,2025-06-01,1,dine_in
322,Abhimanyu Johal,Mumbai,Bandra,04937598411,2025-04-13,1,takeaway
323,Nitesh Das,Mumbai,Powai,+919994214393,2025-09-14,0,delivery
324,Xalak Patla,Mumbai,Dadar,03793318187,2026-02-27,1,takeaway
325,Falak Chaudry,Mumbai,Powai,+913825310234,2026-03-22,0,delivery
326,Tara More,Mumbai,Bandra,5346683219,2025-02-08,0,takeaway
327,Pahal Kulkarni,Mumbai,Kurla,+916658820089,2026-01-06,1,takeaway
328,Rajeshri Anand,Mumbai,Andheri,5102578641,2025-07-07,1,dine_in
329,Harini Malhotra,Mumbai,Ghatkopar,+916852774281,2025-05-16,0,delivery
330,Ucchal Devan,Mumbai,Kurla,4414914095,2025-07-08,1,takeaway
331,Nirja Kar,Mumbai,Kurla,+910194026746,2025-07-15,1,dine_in
332,Avni Edwin,Mumbai,Bandra,+910253506624,2025-12-12,1,dine_in
333,Eesha Hora,Mumbai,Ghatkopar,1317436700,2025-11-14,1,takeaway
334,Omisha Bhat,Mumbai,Kurla,+913522697419,2025-04-24,0,takeaway
335,Benjamin Chand,Mumbai,Dadar,+914400883600,2026-02-26,1,takeaway
336,Lavanya Solanki,Mumbai,Andheri,+917849503002,2025-07-29,0,dine_in
337,Mekhala Barad,Mumbai,Powai,2344153668,2025-01-20,1,dine_in
338,Keya Dey,Mumbai,Bandra,+915996730377,2025-02-19,0,delivery
339,Agastya Tandon,Mumbai,Powai,1025050056,2025-08-21,1,takeaway
340,Ucchal Din,Mumbai,Kurla,7701700523,2026-01-16,0,delivery
341,Gagan Hayre,Mumbai,Andheri,08062539288,2025-12-02,1,takeaway
342,Neel Dalal,Mumbai,Powai,1314679098,2025-07-28,0,takeaway
343,Varsha Behl,Mumbai,Bandra,+911460829476,2025-07-09,1,delivery
344,Lopa Dey,Mumbai,Powai,4309777768,2025-05-01,0,takeaway
345,Onkar Sodhi,Mumbai,Ghatkopar,3708562479,2025-07-08,1,dine_in
346,Bhanumati Nori,Mumbai,Powai,+912578813503,2025-07-23,0,dine_in
347,Ekansh Morar,Mumbai,Dadar,+911363035789,2026-03-11,0,takeaway
348,Yadavi Sem,Mumbai,Kurla,09016000132,2025-04-19,0,dine_in
349,Hredhaan Kurian,Mumbai,Powai,9006186505,2026-02-07,0,dine_in
350,Bachittar Sura,Mumbai,Ghatkopar,+915049487475,2026-02-07,0,dine_in
351,Henry Jhaveri,Mumbai,Ghatkopar,+917375945824,2026-03-01,0,takeaway
352,Anmol Oak,Mumbai,Bandra,+914101224747,2025-04-21,1,dine_in
353,Ojasvi Bajaj,Mumbai,Ghatkopar,07035233973,2026-02-08,0,delivery
354,Aarna Balan,Mumbai,Bandra,2361974958,2026-03-16,0,takeaway
355,Ekapad Merchant,Mumbai,Bandra,06239263981,2025-05-09,0,takeaway
356,Ranbir Singh,Mumbai,Andheri,3994635822,2026-03-20,0,dine_in
357,Darpan Bhandari,Mumbai,Bandra,+919486926494,2025-07-03,1,dine_in
358,Vanya Dass,Mumbai,Powai,+913466661482,2025-03-31,0,dine_in
359,Shravya Nigam,Mumbai,Dadar,08194623237,2026-01-15,0,takeaway
360,Hemal Mannan,Mumbai,Dadar,09447769566,2025-02-02,1,delivery
361,Megha Raj,Mumbai,Ghatkopar,+910186389107,2025-09-20,0,delivery
362,Victor Pandit,Mumbai,Bandra,+916765208281,2025-09-15,0,takeaway
363,Azad Agrawal,Mumbai,Kurla,+913060418275,2026-02-06,1,delivery
364,Manbir Narula,Mumbai,Andheri,06575431457,2025-11-26,0,delivery
365,Daniel Mammen,Mumbai,Dadar,+919370467384,2026-03-10,1,takeaway
366,Zehaan Nagi,Mumbai,Dadar,+919780757269,2025-02-25,1,dine_in
367,Gautam Deol,Mumbai,Powai,+916971407052,2025-02-11,0,dine_in
368,Vansha Narayanan,Mumbai,Powai,+912380008671,2025-03-06,1,delivery
369,Leena Venkatesh,Mumbai,Ghatkopar,02669746350,2025-11-02,1,delivery
370,Wridesh Thaman,Mumbai,Ghatkopar,0332773893,2025-09-16,1,dine_in
371,Agastya Tak,Mumbai,Kurla,7527298714,2026-02-11,0,takeaway
372,Gautami Wali,Mumbai,Ghatkopar,+917850917645,2025-11-30,0,delivery
373,Arunima Guha,Mumbai,Bandra,+911939637780,2025-08-20,1,delivery
374,Faqid Batra,Mumbai,Dadar,+916935466275,2026-02-28,1,delivery
375,Ranbir Gola,Mumbai,Andheri,9088208732,2026-01-09,1,delivery
376,Jeet Desai,Mumbai,Kurla,09912605365,2025-06-10,1,delivery
377,Waida Radhakrishnan,Mumbai,Kurla,+910249135137,2025-03-20,1,dine_in
378,Ikbal Dora,Mumbai,Andheri,8306995675,2025-02-16,0,delivery
379,Jeremiah Sur,Mumbai,Kurla,02843725371,2025-02-19,1,dine_in
380,Pavani Muni,Mumbai,Andheri,+910888660116,2025-10-12,1,takeaway
381,Ranveer Chander,Mumbai,Dadar,06900495840,2025-03-04,1,takeaway
382,Ishaan Mohanty,Mumbai,Dadar,01006197639,2026-01-20,0,delivery
383,Nathan Yadav,Mumbai,Powai,0913855216,2025-11-04,1,dine_in
384,Zehaan Gokhale,Mumbai,Ghatkopar,09173680858,2025-10-23,0,dine_in
385,Udyati Dutta,Mumbai,Dadar,+917759504128,2025-12-03,0,dine_in
386,Aashi Kibe,Mumbai,Ghatkopar,00006872611,2025-06-29,1,dine_in
387,Anjali Padmanabhan,Mumbai,Powai,06458838804,2026-01-26,0,delivery
388,Tanmayi Karan,Mumbai,Ghatkopar,08735472834,2026-03-09,0,takeaway
389,Gauri Dave,Mumbai,Kurla,+910090330606,2025-12-03,1,dine_in
390,Mohammed Uppal,Mumbai,Powai,01754105721,2025-04-03,1,delivery
391,Pushti Bansal,Mumbai,Andheri,9613012632,2025-06-29,0,dine_in
392,William Kumer,Mumbai,Kurla,09962669972,2025-10-17,1,dine_in
393,Bakhshi Pathak,Mumbai,Kurla,+915043105690,2025-03-14,0,dine_in
394,Urmi Bail,Mumbai,Ghatkopar,3200325502,2026-01-18,0,delivery
395,Chatresh Aggarwal,Mumbai,Dadar,01887546978,2025-08-03,1,dine_in
396,Dominic Puri,Mumbai,Powai,+916711840912,2025-07-09,1,takeaway
397,Orinder Magar,Mumbai,Andheri,+915943473676,2025-11-02,0,dine_in
398,Frederick Kurian,Mumbai,Ghatkopar,3734283298,2025-03-22,0,takeaway
399,Krishna Peri,Mumbai,Powai,+911671026922,2025-02-11,1,takeaway
400,Laksh Srivastava,Mumbai,Dadar,+914441526818,2025-08-06,1,delivery
401,Jairaj Thaker,Mumbai,Bandra,00378557727,2025-05-20,0,delivery
402,Theodore Panchal,Mumbai,Andheri,+915719060826,2025-08-09,1,takeaway
403,Shravya Grover,Mumbai,Ghatkopar,+913935331989,2025-12-14,1,takeaway
404,Arunima Loyal,Mumbai,Powai,05691475153,2025-12-08,0,dine_in
405,Siya Mishra,Mumbai,Ghatkopar,8733862988,2025-07-22,0,dine_in
406,Bhavini Bhalla,Mumbai,Powai,04456883921,2025-04-15,0,dine_in
407,Chanakya Bala,Mumbai,Powai,06652459603,2026-01-27,1,delivery
408,Mohammed Walia,Mumbai,Andheri,+916693519627,2025-03-03,1,takeaway
409,Sai Bhavsar,Mumbai,Bandra,+911339494611,2025-08-09,0,delivery
410,Barkha Choudhary,Mumbai,Kurla,+914903182330,2025-09-30,0,takeaway
411,Gopal Ramaswamy,Mumbai,Kurla,04583277686,2025-10-14,1,dine_in
412,Ansh Dar,Mumbai,Kurla,01692677044,2025-07-23,0,delivery
413,Bhavika Bala,Mumbai,Dadar,+910680464600,2025-01-10,0,delivery
414,Azaan Venkatesh,Mumbai,Dadar,+910246812363,2025-10-22,1,takeaway
415,Dayita Muni,Mumbai,Dadar,8490624695,2025-11-24,1,dine_in
416,Jagat Rastogi,Mumbai,Andheri,09278649055,2025-07-27,1,dine_in
417,Veda Lall,Mumbai,Ghatkopar,1849179289,2026-02-15,1,takeaway
418,Luke Mangat,Mumbai,Andheri,+913861079139,2025-07-05,1,dine_in
419,Urmi Zachariah,Mumbai,Dadar,04538895165,2025-05-05,1,takeaway
420,Siya Parsa,Mumbai,Dadar,8076799996,2025-02-10,1,takeaway
421,Gaurika Chandran,Mumbai,Bandra,00903273316,2025-06-23,1,dine_in
422,Krishna Pai,Mumbai,Ghatkopar,+912118690357,2025-02-09,0,takeaway
423,Om Ahluwalia,Mumbai,Bandra,00807257133,2025-09-19,1,delivery
424,Ranbir Banerjee,Mumbai,Kurla,1387533005,2026-01-08,0,dine_in
425,Omkaar Sawhney,Mumbai,Bandra,2413940424,2025-02-22,1,dine_in
426,Advay Patil,Mumbai,Ghatkopar,05678033764,2025-03-30,0,takeaway
427,Meera Ganesh,Mumbai,Bandra,02756714768,2025-02-08,1,delivery
428,Onveer Kara,Mumbai,Ghatkopar,09567242923,2026-01-22,1,takeaway
429,Harinakshi Saran,Mumbai,Ghatkopar,+914644455979,2026-03-28,1,takeaway
430,Dhriti Bandi,Mumbai,Bandra,8973666545,2025-06-11,1,dine_in
431,Vansha Contractor,Mumbai,Dadar,+917669916645,2025-08-29,1,delivery
432,Adya Sha,Mumbai,Andheri,00056164672,2025-10-30,1,takeaway
433,Sneha Vasa,Mumbai,Powai,09734951522,2025-02-07,1,delivery
434,Rajata Shankar,Mumbai,Andheri,09767897523,2025-01-20,1,delivery
435,Bhavika Subramanian,Mumbai,Kurla,+917377960960,2025-02-09,0,takeaway
436,Pallavi Bail,Mumbai,Ghatkopar,+911095129533,2025-11-01,1,delivery
437,Nidra Ramachandran,Mumbai,Ghatkopar,07471144774,2025-10-25,0,delivery
438,Barkha Atwal,Mumbai,Ghatkopar,04988928854,2026-02-19,0,delivery
439,Hemani Dube,Mumbai,Dadar,+918283955418,2025-11-06,0,dine_in
440,Osha Manda,Mumbai,Andheri,6239908043,2025-08-19,1,takeaway
441,Rohan Konda,Mumbai,Ghatkopar,+919349356881,2025-02-13,0,dine_in
442,Turvi Bhatt,Mumbai,Kurla,2810495793,2025-05-07,1,delivery
443,Chatresh Singhal,Mumbai,Ghatkopar,+915561993944,2025-09-26,0,delivery
444,Gabriel Kuruvilla,Mumbai,Powai,+918280819000,2025-07-10,1,delivery
445,Daniel Shanker,Mumbai,Powai,+917900439725,2026-02-01,0,takeaway
446,Panini Arora,Mumbai,Powai,5894544588,2025-11-28,0,delivery
447,Upasna Patla,Mumbai,Ghatkopar,01578301234,2025-02-18,1,delivery
448,Balhaar Wadhwa,Mumbai,Kurla,+917499936758,2025-05-10,0,delivery
449,Ucchal Gala,Mumbai,Ghatkopar,07279573008,2025-02-11,0,delivery
450,Ishanvi Sura,Mumbai,Kurla,0623768639,2025-06-08,1,dine_in
451,Indira Sem,Mumbai,Kurla,+915300552471,2025-11-01,0,delivery
452,Aarush Yadav,Mumbai,Dadar,+915586491707,2025-10-14,1,dine_in
453,Elijah Parikh,Mumbai,Kurla,00451731643,2025-12-10,0,takeaway
454,Bhavini Prabhu,Mumbai,Dadar,+913616185983,2025-12-10,1,dine_in
455,Karan Agate,Mumbai,Powai,+913442715811,2025-07-05,0,dine_in
456,Watika Hegde,Mumbai,Dadar,+917469444041,2025-06-24,0,dine_in
457,Suhani Natt,Mumbai,Bandra,+915063347577,2025-03-12,0,delivery
458,Xalak Shanker,Mumbai,Andheri,1242242853,2026-03-09,0,takeaway
459,Kritika Walla,Mumbai,Ghatkopar,09808757678,2025-06-22,0,takeaway
460,Vincent Patel,Mumbai,Bandra,+913740541303,2025-07-12,0,dine_in
461,Yug Venkataraman,Mumbai,Kurla,3413061502,2026-03-02,0,takeaway
462,Arya Ray,Mumbai,Andheri,09220166833,2025-08-13,1,delivery
463,Ekantika Cheema,Mumbai,Kurla,+911090691015,2025-12-13,0,delivery
464,Neel Tella,Mumbai,Powai,+911460998438,2025-11-09,1,dine_in
465,Wahab Mishra,Mumbai,Bandra,+917993820394,2025-10-01,1,delivery
466,Thomas Kumar,Mumbai,Bandra,1677219893,2026-03-04,1,takeaway
467,Vyanjana Trivedi,Mumbai,Dadar,+911177456420,2025-10-20,1,delivery
468,Oni Bhat,Mumbai,Dadar,05163145058,2026-02-03,1,dine_in
469,David Muni,Mumbai,Bandra,6898277355,2026-02-23,0,delivery
470,Patrick Saxena,Mumbai,Kurla,5553192146,2025-01-27,1,delivery
471,Nitesh Khatri,Mumbai,Andheri,+912602174560,2025-10-11,0,delivery
472,Aishani Kaul,Mumbai,Bandra,+911143221536,2025-02-12,1,delivery
473,Rajeshri Narayanan,Mumbai,Bandra,+914653092796,2025-09-20,1,dine_in
474,Champak Anand,Mumbai,Dadar,05200613137,2025-04-24,1,dine_in
475,Hemangini Gola,Mumbai,Andheri,1451528626,2025-08-01,1,takeaway
476,Pooja Morar,Mumbai,Bandra,+912599304879,2025-07-11,1,dine_in
477,Vaishnavi Krishnan,Mumbai,Bandra,+910958675582,2025-07-11,0,delivery
478,Ekantika Rana,Mumbai,Kurla,04778249132,2025-02-20,1,dine_in
479,Aadi Vasa,Mumbai,Andheri,6538962114,2025-03-12,1,delivery
480,Chatura Sandal,Mumbai,Bandra,+918501256954,2025-12-23,1,delivery
481,Harita Barad,Mumbai,Andheri,+917484133141,2025-11-12,0,dine_in
482,Isha Kumer,Mumbai,Bandra,+910535680541,2025-05-12,0,takeaway
483,Peter Pau,Mumbai,Ghatkopar,+913316216437,2026-01-08,1,dine_in
484,Aahana Sridhar,Mumbai,Powai,+916262070694,2026-02-02,0,delivery
485,Frederick Mani,Mumbai,Andheri,00053145799,2025-03-04,0,delivery
486,Krishna Ganesan,Mumbai,Ghatkopar,1942476948,2025-11-24,1,dine_in
487,Anjali Rajagopalan,Mumbai,Dadar,+914196241772,2025-02-26,0,takeaway
488,Jeremiah Patla,Mumbai,Ghatkopar,+910525973933,2025-09-21,0,takeaway
489,Harita Bala,Mumbai,Powai,02506004619,2025-03-15,1,dine_in
490,Tripti Koshy,Mumbai,Powai,+915665168112,2025-11-11,0,takeaway
491,Jairaj Bajaj,Mumbai,Bandra,07113810761,2025-08-02,0,takeaway
492,Sathvik Yogi,Mumbai,Andheri,+914047779852,2025-07-04,0,delivery
493,Manya Chokshi,Mumbai,Dadar,0686559125,2026-03-24,0,takeaway
494,Harish Choudhury,Mumbai,Powai,1942735555,2025-07-18,1,takeaway
495,Vedika Magar,Mumbai,Powai,+911093539554,2025-01-09,0,delivery
496,Yashvi D’Alia,Mumbai,Kurla,5398283747,2025-05-04,0,takeaway
497,Anusha Sachar,Mumbai,Powai,5923890920,2026-01-12,0,dine_in
498,Pooja Date,Mumbai,Ghatkopar,+917236760536,2025-06-30,1,takeaway
499,Janya Prakash,Mumbai,Kurla,+919681870156,2025-03-31,1,takeaway
500,Chatresh Bhardwaj,Mumbai,Kurla,0081518247,2025-09-03,0,dine_in
