reservation_id,customer_id,booking_date,time_slot,party_size,booking_source,status,special_request
1,33,2026-02-20,14:00,1,phone,completed,none
2,162,2025-12-06,19:00,8,instagram,no_show,window_seat
3,19,2025-10-06,14:00,4,website,cancelled,window_seat
4,140,2025-09-02,19:00,4,instagram,cancelled,high_chair
5,174,2025-10-04,21:00,6,walk_in,completed,none
6,373,2026-02-03,19:00,2,phone,completed,window_seat
7,165,2025-08-22,14:00,2,walk_in,completed,high_chair
8,309,2026-02-04,21:00,2,instagram,completed,none
9,373,2025-12-28,14:00,5,website,completed,none
10,344,2026-01-24,20:00,4,phone,cancelled,none
11,74,2026-02-10,13:00,1,walk_in,completed,window_seat
12,197,2025-07-17,21:00,2,walk_in,completed,window_seat
13,228,2025-08-09,20:00,2,walk_in,completed,window_seat
14,128,2025-08-28,21:00,1,instagram,completed,none
15,135,2025-11-11,13:00,6,walk_in,no_show,high_chair
16,103,2025-09-01,12:00,2,instagram,completed,none
17,415,2025-12-11,21:00,4,walk_in,completed,window_seat
18,436,2025-09-19,14:00,2,website,completed,birthday
19,406,2025-09-10,19:00,3,walk_in,completed,high_chair
20,412,2025-09-05,12:00,2,instagram,completed,high_chair
21,394,2026-01-26,13:00,2,website,no_show,high_chair
22,239,2026-03-22,13:00,4,phone,cancelled,birthday
23,222,2026-03-15,12:00,1,walk_in,completed,birthday
24,83,2025-12-13,14:00,3,walk_in,no_show,none
25,129,2025-10-09,14:00,8,walk_in,completed,none
26,258,2025-09-25,13:00,2,walk_in,completed,none
27,423,2025-07-15,12:00,2,walk_in,no_show,birthday
28,393,2026-01-30,19:00,1,walk_in,cancelled,window_seat
29,248,2025-11-03,14:00,5,website,completed,birthday
30,226,2026-01-29,19:00,6,phone,completed,window_seat
31,442,2025-12-11,19:00,4,walk_in,completed,none
32,164,2025-11-01,12:00,6,phone,completed,birthday
33,50,2025-07-26,19:00,4,instagram,cancelled,birthday
34,493,2025-09-20,20:00,4,phone,cancelled,birthday
35,256,2026-03-21,19:00,6,instagram,cancelled,none
36,47,2026-01-18,19:00,8,phone,no_show,window_seat
37,25,2025-07-26,19:00,4,instagram,completed,window_seat
38,275,2025-07-05,19:00,2,walk_in,completed,window_seat
39,392,2026-01-23,12:00,4,phone,completed,window_seat
40,284,2025-11-25,19:00,2,walk_in,completed,none
41,66,2025-08-19,14:00,5,walk_in,cancelled,window_seat
42,387,2025-09-12,20:00,3,website,completed,none
43,20,2025-09-09,19:00,4,phone,completed,birthday
44,168,2025-12-11,19:00,2,walk_in,no_show,window_seat
45,260,2026-03-18,19:00,8,walk_in,cancelled,high_chair
46,418,2025-07-09,14:00,4,instagram,completed,window_seat
47,408,2025-07-14,14:00,6,phone,no_show,none
48,299,2026-03-03,20:00,2,instagram,completed,birthday
49,421,2025-11-02,20:00,1,website,no_show,birthday
50,10,2026-02-11,19:00,4,phone,completed,high_chair
51,257,2026-02-27,21:00,1,phone,completed,window_seat
52,340,2026-03-02,19:00,8,phone,completed,high_chair
53,468,2026-03-30,20:00,4,walk_in,completed,high_chair
54,99,2025-11-04,20:00,4,walk_in,completed,window_seat
55,361,2025-10-15,14:00,6,walk_in,completed,window_seat
56,63,2026-01-11,14:00,5,phone,no_show,window_seat
57,22,2025-11-25,14:00,2,walk_in,no_show,high_chair
58,110,2025-10-12,14:00,8,walk_in,no_show,birthday
59,56,2025-10-31,12:00,3,phone,completed,birthday
60,27,2025-08-21,14:00,5,website,cancelled,birthday
61,3,2025-09-19,21:00,5,instagram,no_show,high_chair
62,334,2025-10-11,14:00,4,website,completed,none
63,334,2025-10-27,21:00,8,website,cancelled,birthday
64,214,2025-09-29,19:00,1,phone,cancelled,window_seat
65,449,2025-07-20,14:00,1,website,completed,window_seat
66,146,2026-02-18,20:00,8,phone,completed,high_chair
67,140,2025-10-07,14:00,2,instagram,completed,window_seat
68,368,2025-10-04,21:00,1,walk_in,completed,birthday
69,90,2026-01-24,20:00,5,instagram,completed,none
70,95,2025-09-10,14:00,6,website,no_show,window_seat
71,197,2025-10-29,14:00,6,walk_in,no_show,none
72,134,2026-01-01,12:00,3,instagram,completed,window_seat
73,82,2026-01-24,21:00,8,website,cancelled,window_seat
74,189,2025-10-22,13:00,3,instagram,completed,window_seat
75,213,2026-02-27,21:00,8,phone,cancelled,none
76,270,2026-02-14,21:00,8,website,completed,none
77,425,2026-03-16,20:00,3,phone,completed,window_seat
78,438,2026-03-24,12:00,6,instagram,completed,none
79,461,2026-03-19,12:00,6,instagram,completed,high_chair
80,289,2025-07-30,19:00,8,walk_in,completed,none
81,203,2025-11-08,21:00,1,website,completed,none
82,217,2025-12-24,20:00,2,website,no_show,high_chair
83,17,2025-11-24,13:00,5,instagram,cancelled,window_seat
84,457,2026-01-12,19:00,6,phone,completed,window_seat
85,61,2025-09-30,19:00,8,phone,completed,none
86,388,2025-07-12,19:00,4,instagram,completed,high_chair
87,422,2025-10-26,19:00,3,walk_in,completed,birthday
88,480,2025-08-27,21:00,1,website,completed,birthday
89,106,2025-08-04,20:00,2,website,completed,birthday
90,380,2025-07-23,19:00,5,phone,completed,none
91,72,2026-03-15,13:00,4,walk_in,cancelled,window_seat
92,122,2025-12-02,21:00,2,instagram,completed,window_seat
93,141,2025-08-01,20:00,8,phone,cancelled,high_chair
94,285,2026-03-11,14:00,1,instagram,no_show,window_seat
95,357,2026-01-30,13:00,5,phone,completed,high_chair
96,124,2025-10-24,21:00,4,instagram,completed,none
97,288,2026-01-28,20:00,5,instagram,completed,birthday
98,131,2025-10-13,21:00,4,instagram,completed,window_seat
99,48,2025-10-06,14:00,1,website,completed,none
100,97,2025-10-20,13:00,6,walk_in,cancelled,window_seat
101,490,2025-07-08,13:00,3,website,no_show,high_chair
102,469,2025-11-02,19:00,3,walk_in,no_show,window_seat
103,195,2026-02-24,21:00,8,walk_in,completed,window_seat
104,263,2026-03-12,12:00,6,instagram,cancelled,window_seat
105,469,2025-10-13,14:00,4,phone,completed,birthday
106,9,2025-11-11,20:00,8,instagram,completed,window_seat
107,79,2025-10-09,13:00,4,phone,completed,high_chair
108,282,2025-12-20,19:00,4,instagram,no_show,high_chair
109,87,2025-12-28,13:00,2,instagram,cancelled,birthday
110,470,2025-07-31,12:00,8,website,cancelled,none
111,392,2025-07-04,13:00,5,phone,cancelled,none
112,363,2025-09-16,13:00,1,walk_in,completed,none
113,317,2026-03-05,12:00,6,instagram,completed,none
114,9,2026-03-29,20:00,4,website,no_show,high_chair
115,413,2025-09-30,12:00,2,phone,completed,birthday
116,318,2026-03-27,14:00,4,instagram,completed,none
117,192,2026-01-24,20:00,6,phone,completed,window_seat
118,351,2025-08-11,12:00,1,instagram,completed,high_chair
119,29,2025-07-05,12:00,2,instagram,completed,window_seat
120,290,2025-08-18,12:00,8,instagram,completed,window_seat
121,24,2025-08-08,20:00,4,website,completed,birthday
122,476,2025-12-09,13:00,1,instagram,completed,none
123,154,2025-09-22,20:00,3,instagram,cancelled,window_seat
124,197,2025-09-10,20:00,2,walk_in,cancelled,none
125,51,2026-02-09,12:00,3,instagram,completed,window_seat
126,16,2025-11-17,19:00,6,instagram,completed,high_chair
127,96,2026-01-11,20:00,2,phone,completed,none
128,43,2025-11-15,19:00,2,phone,cancelled,high_chair
129,163,2026-01-01,12:00,2,walk_in,completed,high_chair
130,185,2025-11-16,13:00,2,instagram,completed,high_chair
131,286,2026-03-20,12:00,5,walk_in,completed,none
132,306,2025-12-14,12:00,5,instagram,completed,none
133,372,2025-11-02,13:00,8,phone,completed,birthday
134,138,2025-12-02,19:00,4,phone,completed,high_chair
135,142,2026-02-01,19:00,4,walk_in,cancelled,window_seat
136,484,2025-11-04,20:00,6,instagram,completed,none
137,70,2025-12-03,19:00,1,instagram,completed,window_seat
138,226,2025-12-19,21:00,5,phone,no_show,window_seat
139,165,2025-10-11,14:00,6,instagram,completed,window_seat
140,150,2026-03-09,14:00,3,instagram,completed,window_seat
141,59,2025-10-11,13:00,8,website,completed,high_chair
142,483,2025-10-16,14:00,6,website,cancelled,high_chair
143,345,2026-03-13,21:00,2,walk_in,completed,birthday
144,367,2026-02-02,12:00,5,instagram,completed,high_chair
145,274,2026-03-17,20:00,5,walk_in,completed,none
146,56,2025-11-05,13:00,4,website,completed,high_chair
147,496,2025-12-17,12:00,5,walk_in,completed,birthday
148,262,2026-03-23,20:00,8,phone,completed,high_chair
149,192,2026-01-17,21:00,6,phone,completed,window_seat
150,13,2026-03-05,14:00,2,website,completed,none
151,426,2025-09-11,14:00,4,phone,completed,high_chair
152,179,2026-03-01,19:00,2,instagram,cancelled,window_seat
153,35,2025-12-01,21:00,1,walk_in,completed,none
154,347,2025-09-23,20:00,3,phone,completed,window_seat
155,287,2026-02-04,13:00,6,phone,cancelled,birthday
156,328,2026-02-07,12:00,5,phone,cancelled,high_chair
157,304,2026-02-05,12:00,5,phone,cancelled,window_seat
158,386,2025-08-02,20:00,2,walk_in,completed,birthday
159,235,2025-08-28,21:00,4,walk_in,cancelled,high_chair
160,313,2026-01-17,14:00,2,instagram,completed,birthday
161,417,2025-11-30,21:00,2,website,completed,birthday
162,157,2025-08-29,14:00,2,instagram,completed,high_chair
163,306,2025-09-09,19:00,5,phone,completed,birthday
164,251,2025-11-25,13:00,2,instagram,completed,none
165,444,2025-12-31,19:00,1,instagram,completed,high_chair
166,210,2026-03-09,21:00,5,instagram,cancelled,birthday
167,43,2025-07-16,14:00,3,phone,completed,window_seat
168,87,2026-02-20,20:00,6,website,completed,window_seat
169,397,2026-01-04,12:00,8,instagram,cancelled,birthday
170,218,2025-08-22,14:00,3,website,cancelled,high_chair
171,135,2025-12-26,19:00,2,website,cancelled,birthday
172,108,2025-12-27,13:00,5,phone,completed,birthday
173,413,2025-07-31,20:00,4,phone,completed,window_seat
174,361,2025-11-27,20:00,4,website,completed,birthday
175,493,2026-01-27,14:00,1,phone,cancelled,birthday
176,128,2025-09-13,13:00,4,instagram,cancelled,high_chair
177,73,2025-11-15,19:00,5,website,completed,high_chair
178,264,2025-11-20,19:00,4,walk_in,no_show,none
179,445,2025-08-17,21:00,6,walk_in,completed,none
180,408,2026-03-31,13:00,5,phone,no_show,high_chair
181,138,2025-12-13,14:00,4,phone,completed,high_chair
182,404,2025-12-23,12:00,1,instagram,completed,none
183,64,2025-09-19,19:00,6,instagram,completed,birthday
184,353,2025-09-06,13:00,4,walk_in,cancelled,none
185,336,2026-01-01,12:00,4,phone,completed,none
186,203,2025-12-04,19:00,3,website,completed,none
187,110,2026-03-02,13:00,2,instagram,completed,none
188,5,2025-12-23,19:00,2,instagram,completed,none
189,118,2026-01-13,21:00,2,website,cancelled,window_seat
190,189,2025-12-01,19:00,2,phone,cancelled,birthday
191,36,2026-03-29,20:00,1,instagram,completed,window_seat
192,370,2025-10-18,19:00,2,instagram,completed,birthday
193,45,2025-08-21,12:00,2,instagram,completed,window_seat
194,494,2026-02-05,13:00,4,website,completed,birthday
195,284,2025-11-23,21:00,1,phone,cancelled,birthday
196,383,2026-01-17,21:00,4,phone,completed,high_chair
197,198,2025-08-27,19:00,3,website,completed,none
198,185,2025-12-10,19:00,2,instagram,cancelled,window_seat
199,280,2025-09-27,12:00,6,website,completed,none
200,135,2025-10-19,12:00,1,instagram,no_show,window_seat
201,322,2026-03-14,19:00,5,website,cancelled,birthday
202,143,2025-08-12,12:00,4,phone,completed,birthday
203,275,2025-12-15,20:00,5,website,completed,window_seat
204,358,2026-02-09,12:00,3,instagram,completed,none
205,233,2025-07-29,21:00,4,phone,cancelled,none
206,7,2025-09-09,13:00,1,walk_in,completed,window_seat
207,86,2026-01-07,21:00,2,walk_in,cancelled,none
208,395,2025-07-16,19:00,4,website,completed,window_seat
209,365,2025-08-09,19:00,6,website,completed,high_chair
210,440,2025-09-24,13:00,4,website,completed,none
211,117,2026-03-18,12:00,1,website,cancelled,birthday
212,24,2026-02-27,19:00,4,phone,no_show,none
213,284,2026-01-31,14:00,3,walk_in,completed,window_seat
214,423,2025-08-09,12:00,4,website,completed,birthday
215,115,2026-03-22,19:00,1,instagram,completed,window_seat
216,397,2025-12-07,12:00,4,website,completed,window_seat
217,103,2025-11-27,21:00,4,instagram,completed,window_seat
218,303,2026-03-10,21:00,3,phone,no_show,birthday
219,4,2026-01-26,13:00,1,website,completed,window_seat
220,1,2026-01-09,12:00,4,phone,completed,high_chair
221,252,2025-07-31,21:00,2,website,completed,birthday
222,460,2026-03-24,21:00,5,instagram,cancelled,none
223,298,2025-08-18,13:00,8,instagram,completed,none
224,304,2025-08-01,21:00,5,phone,no_show,window_seat
225,134,2025-12-09,21:00,5,walk_in,cancelled,window_seat
226,232,2025-11-17,12:00,3,phone,no_show,none
227,80,2025-08-24,19:00,2,instagram,completed,none
228,275,2025-12-31,19:00,3,walk_in,completed,none
229,47,2025-09-19,21:00,4,website,completed,birthday
230,428,2025-12-15,12:00,2,walk_in,cancelled,high_chair
231,263,2025-07-26,14:00,4,phone,cancelled,none
232,488,2026-01-24,20:00,6,phone,cancelled,none
233,237,2025-08-22,12:00,2,phone,completed,birthday
234,102,2026-01-22,21:00,4,website,completed,window_seat
235,470,2025-08-08,12:00,1,instagram,completed,birthday
236,48,2025-12-17,12:00,2,website,no_show,birthday
237,474,2026-02-07,19:00,5,instagram,completed,birthday
238,182,2025-10-18,14:00,2,phone,completed,none
239,315,2025-11-03,19:00,4,instagram,completed,none
240,45,2025-11-21,13:00,5,phone,completed,none
241,196,2025-12-31,20:00,6,walk_in,cancelled,window_seat
242,199,2025-11-16,12:00,2,phone,completed,none
243,459,2025-11-21,19:00,1,phone,completed,birthday
244,52,2025-11-04,14:00,3,website,completed,birthday
245,295,2026-01-15,13:00,4,walk_in,completed,window_seat
246,468,2025-07-15,20:00,4,phone,completed,high_chair
247,278,2025-12-06,19:00,2,website,completed,birthday
248,309,2025-10-21,20:00,1,walk_in,completed,birthday
249,413,2025-09-05,21:00,4,walk_in,completed,none
250,12,2025-09-14,12:00,2,walk_in,cancelled,none
251,192,2026-01-19,14:00,2,phone,completed,birthday
252,375,2026-02-09,21:00,6,walk_in,completed,birthday
253,341,2025-09-28,14:00,5,walk_in,cancelled,birthday
254,91,2025-07-01,20:00,5,walk_in,completed,birthday
255,328,2025-08-23,13:00,6,website,completed,birthday
256,178,2025-12-11,21:00,2,website,cancelled,window_seat
257,229,2025-07-06,13:00,4,website,completed,window_seat
258,132,2025-08-25,12:00,1,instagram,completed,birthday
259,453,2026-01-28,19:00,6,instagram,completed,none
260,425,2026-03-03,13:00,3,website,completed,window_seat
261,11,2025-12-11,12:00,4,phone,completed,high_chair
262,83,2025-08-08,12:00,8,instagram,completed,none
263,221,2025-09-23,13:00,5,walk_in,completed,birthday
264,499,2025-10-06,21:00,5,walk_in,completed,window_seat
265,153,2025-10-30,12:00,2,instagram,completed,birthday
266,28,2026-01-01,19:00,1,instagram,completed,birthday
267,50,2025-07-14,13:00,3,website,completed,high_chair
268,433,2025-08-29,19:00,4,walk_in,completed,none
269,329,2026-01-15,14:00,2,walk_in,cancelled,birthday
270,229,2025-07-23,19:00,4,phone,completed,window_seat
271,289,2025-08-01,21:00,2,website,completed,window_seat
272,414,2026-01-28,20:00,3,instagram,completed,high_chair
273,495,2026-03-01,19:00,3,instagram,completed,none
274,258,2026-03-22,12:00,2,instagram,no_show,birthday
275,486,2025-09-24,13:00,3,instagram,completed,none
276,350,2026-02-08,21:00,3,walk_in,completed,window_seat
277,467,2025-08-04,19:00,2,walk_in,completed,window_seat
278,267,2026-02-20,21:00,1,instagram,completed,none
279,213,2025-09-15,20:00,2,website,completed,none
280,289,2025-08-21,20:00,4,instagram,cancelled,window_seat
281,197,2026-03-06,12:00,6,instagram,completed,birthday
282,317,2026-01-22,19:00,1,walk_in,cancelled,birthday
283,26,2026-03-01,14:00,4,walk_in,completed,window_seat
284,144,2026-03-09,13:00,2,instagram,completed,window_seat
285,138,2026-01-30,13:00,2,instagram,completed,high_chair
286,389,2026-03-22,12:00,4,phone,completed,none
287,160,2026-03-17,13:00,5,website,cancelled,birthday
288,99,2025-10-11,13:00,1,website,completed,window_seat
289,361,2025-10-10,14:00,4,instagram,cancelled,none
290,349,2025-07-16,14:00,3,instagram,completed,birthday
291,492,2026-02-28,14:00,8,walk_in,completed,none
292,146,2025-07-15,12:00,5,phone,completed,birthday
293,332,2025-10-24,14:00,3,website,completed,none
294,243,2025-09-06,20:00,2,phone,cancelled,window_seat
295,312,2025-12-04,19:00,4,walk_in,cancelled,high_chair
296,130,2025-10-20,14:00,6,instagram,completed,none
297,4,2026-03-19,20:00,4,walk_in,completed,window_seat
298,351,2025-08-25,12:00,6,walk_in,completed,window_seat
299,442,2025-11-19,21:00,4,walk_in,cancelled,birthday
300,77,2026-03-22,12:00,3,instagram,cancelled,window_seat
301,349,2025-09-10,21:00,1,walk_in,completed,window_seat
302,465,2026-01-31,19:00,5,phone,cancelled,window_seat
303,372,2025-10-22,21:00,8,walk_in,cancelled,window_seat
304,433,2025-09-26,13:00,8,instagram,completed,birthday
305,380,2025-11-10,13:00,8,walk_in,no_show,none
306,114,2025-12-29,21:00,3,instagram,cancelled,window_seat
307,191,2025-11-11,19:00,4,instagram,cancelled,none
308,444,2025-08-06,13:00,6,instagram,completed,window_seat
309,212,2025-07-28,13:00,2,walk_in,no_show,high_chair
310,292,2026-02-20,14:00,2,phone,cancelled,none
311,250,2025-12-18,14:00,2,website,completed,high_chair
312,141,2025-10-16,20:00,2,instagram,cancelled,none
313,67,2026-02-08,19:00,5,instagram,completed,high_chair
314,3,2025-07-20,13:00,8,website,cancelled,window_seat
315,388,2026-03-29,12:00,3,phone,completed,birthday
316,356,2025-12-24,13:00,4,walk_in,completed,birthday
317,34,2025-07-24,14:00,4,walk_in,completed,high_chair
318,455,2025-09-07,19:00,4,phone,completed,birthday
319,486,2026-01-23,13:00,1,phone,completed,birthday
320,376,2025-07-12,13:00,8,website,completed,high_chair
321,449,2025-11-08,20:00,8,website,completed,none
322,335,2025-07-11,21:00,1,instagram,completed,high_chair
323,64,2025-11-07,21:00,6,website,completed,window_seat
324,216,2025-08-21,14:00,8,phone,completed,high_chair
325,426,2025-08-23,21:00,8,walk_in,completed,none
326,402,2025-08-24,13:00,6,walk_in,completed,birthday
327,184,2026-01-26,13:00,4,instagram,completed,birthday
328,353,2026-03-04,13:00,4,website,completed,none
329,428,2026-03-10,12:00,2,website,cancelled,none
330,464,2025-11-09,19:00,3,walk_in,no_show,window_seat
331,238,2025-07-26,13:00,2,walk_in,cancelled,window_seat
332,411,2025-12-08,21:00,5,website,completed,none
333,437,2025-09-09,14:00,2,instagram,completed,window_seat
334,450,2025-08-17,14:00,4,instagram,completed,high_chair
335,493,2026-02-19,19:00,4,instagram,completed,high_chair
336,333,2025-09-24,13:00,2,website,completed,birthday
337,54,2026-01-30,20:00,6,phone,completed,high_chair
338,399,2025-12-31,21:00,1,phone,cancelled,high_chair
339,472,2026-03-07,19:00,2,website,completed,window_seat
340,336,2025-12-08,21:00,1,phone,cancelled,window_seat
341,266,2026-03-25,19:00,2,phone,completed,high_chair
342,178,2026-01-14,20:00,2,website,cancelled,none
343,330,2025-09-19,19:00,8,phone,cancelled,none
344,385,2026-03-09,13:00,4,walk_in,completed,none
345,260,2025-10-23,21:00,8,phone,completed,none
346,236,2026-02-13,12:00,6,instagram,cancelled,window_seat
347,61,2026-03-12,12:00,1,website,completed,none
348,423,2025-08-16,20:00,4,instagram,completed,window_seat
349,187,2025-07-28,19:00,3,instagram,completed,window_seat
350,367,2026-02-17,12:00,2,phone,cancelled,none
351,175,2025-12-29,20:00,4,website,completed,none
352,460,2025-09-23,13:00,6,instagram,cancelled,none
353,131,2025-10-09,12:00,3,instagram,no_show,birthday
354,235,2025-10-06,12:00,4,website,cancelled,none
355,396,2026-02-16,21:00,6,phone,completed,high_chair
356,3,2026-03-29,20:00,1,instagram,no_show,birthday
357,355,2025-09-27,12:00,2,walk_in,completed,high_chair
358,215,2025-11-05,19:00,4,walk_in,no_show,high_chair
359,413,2025-09-07,19:00,2,walk_in,completed,window_seat
360,365,2025-10-20,13:00,3,walk_in,completed,window_seat
361,472,2025-09-06,20:00,2,walk_in,completed,none
362,390,2025-12-28,19:00,8,instagram,completed,window_seat
363,450,2026-02-02,20:00,1,instagram,completed,birthday
364,28,2025-07-29,14:00,3,phone,cancelled,window_seat
365,350,2025-11-06,12:00,2,walk_in,completed,birthday
366,386,2025-07-17,19:00,4,phone,completed,high_chair
367,122,2026-03-19,21:00,4,instagram,completed,high_chair
368,214,2025-12-08,12:00,8,walk_in,completed,birthday
369,318,2026-02-12,21:00,3,walk_in,cancelled,birthday
370,398,2025-10-08,19:00,4,website,completed,birthday
371,493,2025-09-27,12:00,8,instagram,completed,window_seat
372,285,2025-11-13,13:00,2,walk_in,completed,none
373,170,2026-02-24,12:00,2,walk_in,completed,none
374,397,2025-12-02,20:00,6,website,completed,window_seat
375,270,2025-10-21,20:00,2,phone,completed,high_chair
376,279,2026-01-23,14:00,2,phone,completed,window_seat
377,170,2026-01-01,13:00,4,instagram,no_show,none
378,59,2025-12-25,13:00,6,phone,no_show,none
379,350,2025-12-12,12:00,5,walk_in,completed,none
380,467,2026-03-22,20:00,4,instagram,cancelled,high_chair
381,23,2025-11-29,14:00,3,website,completed,birthday
382,498,2026-03-31,21:00,1,phone,completed,high_chair
383,428,2025-08-23,20:00,3,instagram,cancelled,none
384,383,2025-09-17,19:00,1,website,cancelled,none
385,38,2025-07-28,14:00,2,phone,completed,window_seat
386,209,2026-01-15,21:00,6,walk_in,completed,none
387,200,2025-08-30,12:00,8,website,completed,none
388,359,2025-08-07,20:00,4,walk_in,completed,none
389,145,2026-02-10,19:00,5,website,cancelled,high_chair
390,81,2026-03-31,13:00,3,walk_in,cancelled,birthday
391,153,2026-01-08,20:00,1,phone,cancelled,none
392,22,2025-07-03,20:00,5,website,completed,window_seat
393,108,2025-12-24,19:00,3,phone,no_show,birthday
394,95,2025-10-22,13:00,4,website,completed,high_chair
395,331,2025-08-07,21:00,4,website,completed,birthday
396,372,2026-03-07,14:00,4,phone,completed,none
397,146,2025-08-05,14:00,3,walk_in,completed,window_seat
398,356,2025-09-17,14:00,4,phone,no_show,none
399,161,2025-11-04,21:00,3,instagram,cancelled,window_seat
400,431,2026-01-01,21:00,2,instagram,cancelled,high_chair
401,229,2025-12-31,19:00,4,phone,completed,none
402,431,2025-11-21,20:00,2,website,completed,none
403,457,2025-07-10,21:00,8,instagram,completed,birthday
404,465,2025-07-19,14:00,8,instagram,completed,birthday
405,188,2026-01-17,20:00,3,walk_in,cancelled,birthday
406,238,2026-03-14,12:00,8,website,completed,birthday
407,435,2025-09-23,13:00,8,phone,completed,birthday
408,377,2026-03-05,12:00,4,instagram,completed,birthday
409,33,2025-11-13,13:00,4,phone,completed,window_seat
410,199,2026-02-26,12:00,6,walk_in,completed,none
411,361,2026-03-24,21:00,4,phone,completed,high_chair
412,335,2026-01-10,20:00,4,website,completed,window_seat
413,193,2025-10-23,19:00,8,walk_in,completed,high_chair
414,406,2026-03-04,20:00,1,instagram,cancelled,birthday
415,118,2025-08-09,21:00,8,phone,completed,birthday
416,81,2026-01-02,21:00,2,walk_in,completed,none
417,247,2026-03-03,13:00,6,instagram,completed,none
418,125,2025-07-23,20:00,2,phone,completed,none
419,457,2025-09-14,13:00,1,phone,completed,high_chair
420,307,2025-07-10,12:00,4,instagram,completed,high_chair
421,88,2025-10-21,20:00,5,phone,completed,window_seat
422,86,2025-12-23,20:00,6,phone,completed,high_chair
423,198,2025-09-06,12:00,2,instagram,completed,birthday
424,311,2025-08-19,19:00,2,website,no_show,none
425,48,2026-03-04,20:00,2,website,completed,high_chair
426,268,2026-02-01,12:00,4,instagram,completed,birthday
427,481,2026-03-04,14:00,5,website,completed,high_chair
428,69,2025-11-08,13:00,6,website,no_show,window_seat
429,307,2026-01-26,13:00,4,website,completed,none
430,267,2025-07-04,21:00,5,walk_in,completed,high_chair
431,186,2025-08-24,19:00,2,walk_in,completed,window_seat
432,438,2026-02-02,20:00,4,instagram,completed,birthday
433,212,2026-03-05,14:00,2,instagram,completed,window_seat
434,158,2025-12-24,21:00,5,website,completed,birthday
435,229,2025-09-21,13:00,2,walk_in,completed,none
436,83,2026-01-16,12:00,1,instagram,cancelled,high_chair
437,46,2025-08-02,13:00,4,website,completed,high_chair
438,477,2026-01-22,14:00,8,website,cancelled,birthday
439,328,2026-03-11,12:00,6,walk_in,completed,birthday
440,18,2026-03-19,21:00,8,phone,completed,none
441,185,2025-10-31,13:00,1,walk_in,completed,high_chair
442,181,2026-01-19,20:00,5,website,completed,none
443,471,2025-08-16,14:00,8,walk_in,cancelled,window_seat
444,494,2025-11-19,20:00,3,instagram,no_show,high_chair
445,295,2025-07-03,13:00,4,website,completed,none
446,258,2025-11-28,12:00,4,walk_in,cancelled,window_seat
447,356,2026-02-12,20:00,5,phone,completed,window_seat
448,493,2026-02-20,20:00,6,instagram,cancelled,none
449,133,2025-08-04,21:00,5,phone,cancelled,birthday
450,410,2025-12-09,14:00,5,website,completed,window_seat
451,128,2025-11-25,19:00,2,walk_in,completed,none
452,284,2025-09-30,14:00,6,walk_in,completed,birthday
453,485,2025-10-06,21:00,6,phone,completed,window_seat
454,106,2025-10-26,13:00,3,walk_in,cancelled,birthday
455,399,2025-08-24,12:00,2,instagram,completed,none
456,392,2025-07-22,14:00,6,instagram,completed,window_seat
457,252,2025-10-02,14:00,8,phone,completed,none
458,270,2026-02-02,20:00,6,walk_in,completed,high_chair
459,441,2025-09-28,12:00,6,instagram,completed,window_seat
460,353,2025-07-05,21:00,1,website,completed,window_seat
461,186,2025-11-10,20:00,2,walk_in,completed,high_chair
462,491,2025-12-23,13:00,4,phone,completed,high_chair
463,359,2026-01-07,19:00,4,phone,completed,birthday
464,295,2025-10-26,21:00,2,phone,completed,high_chair
465,439,2026-01-12,13:00,3,phone,cancelled,high_chair
466,413,2025-07-05,19:00,2,walk_in,completed,high_chair
467,154,2025-11-06,20:00,8,website,completed,birthday
468,31,2025-10-19,19:00,4,website,cancelled,high_chair
469,382,2025-12-19,14:00,4,walk_in,completed,window_seat
470,11,2026-01-27,14:00,2,phone,cancelled,birthday
471,400,2025-11-23,14:00,4,instagram,completed,high_chair
472,456,2025-08-10,20:00,5,phone,completed,birthday
473,328,2025-12-20,21:00,5,instagram,completed,none
474,41,2025-09-21,13:00,4,walk_in,completed,window_seat
475,310,2026-01-19,19:00,4,walk_in,cancelled,high_chair
476,212,2025-09-24,12:00,2,phone,completed,window_seat
477,482,2025-08-10,13:00,3,website,completed,none
478,480,2026-02-28,12:00,8,instagram,completed,none
479,54,2025-11-12,12:00,2,instagram,completed,window_seat
480,118,2025-11-04,19:00,4,phone,completed,birthday
481,15,2025-07-18,14:00,4,instagram,cancelled,window_seat
482,281,2026-02-13,21:00,2,instagram,completed,high_chair
483,269,2026-03-31,14:00,4,phone,completed,none
484,227,2025-12-05,19:00,4,walk_in,completed,none
485,1,2026-03-25,14:00,2,website,completed,high_chair
486,485,2026-03-02,12:00,4,walk_in,cancelled,birthday
487,408,2025-07-04,14:00,8,instagram,completed,high_chair
488,128,2025-09-22,19:00,5,website,completed,high_chair
489,321,2025-10-31,20:00,8,walk_in,cancelled,window_seat
490,333,2026-03-30,19:00,4,website,completed,birthday
491,70,2025-11-26,21:00,2,instagram,completed,window_seat
492,359,2026-03-09,14:00,3,website,completed,none
493,96,2025-08-22,14:00,4,instagram,completed,none
494,120,2025-08-16,12:00,2,walk_in,completed,high_chair
495,160,2026-03-13,19:00,4,website,completed,window_seat
496,42,2025-09-13,14:00,1,website,cancelled,high_chair
497,93,2025-10-07,19:00,4,website,cancelled,birthday
498,198,2026-02-12,21:00,3,phone,no_show,high_chair
499,377,2025-08-18,21:00,8,instagram,no_show,high_chair
500,349,2025-12-07,13:00,4,website,completed,none
501,130,2026-03-04,13:00,4,website,completed,birthday
502,499,2025-08-27,21:00,3,website,completed,birthday
503,407,2025-11-19,19:00,2,website,cancelled,none
504,298,2026-03-01,14:00,2,phone,cancelled,birthday
505,256,2025-08-16,21:00,4,walk_in,completed,birthday
506,360,2025-08-24,19:00,2,walk_in,completed,high_chair
507,376,2025-10-07,21:00,1,phone,completed,window_seat
508,461,2025-07-21,21:00,6,walk_in,completed,high_chair
509,98,2025-10-04,14:00,8,instagram,completed,window_seat
510,445,2025-09-21,20:00,2,walk_in,completed,window_seat
511,278,2026-01-04,12:00,6,instagram,cancelled,birthday
512,453,2025-07-10,20:00,4,website,completed,high_chair
513,98,2026-03-26,20:00,6,walk_in,completed,window_seat
514,210,2025-12-12,12:00,2,website,completed,none
515,428,2025-09-05,12:00,2,instagram,completed,birthday
516,51,2025-07-17,21:00,5,walk_in,completed,none
517,188,2025-10-22,12:00,2,phone,no_show,high_chair
518,476,2025-08-10,21:00,6,instagram,completed,window_seat
519,407,2025-07-30,20:00,4,website,completed,window_seat
520,40,2025-10-19,12:00,8,phone,completed,high_chair
521,98,2025-10-07,21:00,8,phone,completed,high_chair
522,383,2025-08-24,21:00,4,instagram,completed,none
523,86,2025-10-01,19:00,8,phone,completed,high_chair
524,478,2025-12-28,20:00,4,walk_in,no_show,window_seat
525,212,2026-02-06,20:00,4,phone,completed,high_chair
526,393,2025-11-08,19:00,4,instagram,completed,none
527,372,2025-07-18,20:00,4,phone,completed,window_seat
528,4,2025-12-01,13:00,3,website,cancelled,window_seat
529,471,2026-03-19,20:00,8,phone,no_show,none
530,20,2026-02-21,13:00,4,walk_in,completed,birthday
531,120,2025-11-09,12:00,4,phone,completed,none
532,371,2025-12-14,13:00,6,website,completed,window_seat
533,20,2026-01-12,12:00,2,walk_in,no_show,window_seat
534,451,2026-02-08,12:00,5,phone,cancelled,none
535,325,2026-01-12,14:00,1,walk_in,completed,birthday
536,168,2026-03-15,13:00,3,instagram,completed,high_chair
537,386,2026-03-16,13:00,2,instagram,completed,birthday
538,68,2025-12-20,19:00,2,website,completed,high_chair
539,135,2025-08-13,20:00,5,phone,completed,birthday
540,247,2025-10-10,19:00,6,phone,completed,birthday
541,125,2025-08-06,19:00,4,website,completed,none
542,344,2026-01-28,14:00,5,walk_in,completed,window_seat
543,305,2025-07-13,13:00,4,instagram,no_show,birthday
544,226,2025-07-23,13:00,3,phone,completed,none
545,58,2025-07-28,20:00,3,walk_in,no_show,none
546,176,2025-08-26,19:00,4,walk_in,completed,birthday
547,379,2025-10-17,20:00,3,walk_in,completed,high_chair
548,319,2025-09-11,19:00,1,website,completed,window_seat
549,88,2025-07-31,13:00,4,walk_in,cancelled,none
550,239,2025-07-05,19:00,2,walk_in,completed,none
551,10,2025-11-27,13:00,5,website,no_show,window_seat
552,249,2026-03-30,13:00,2,instagram,completed,none
553,21,2025-11-04,14:00,8,instagram,completed,birthday
554,10,2025-12-25,14:00,4,phone,completed,window_seat
555,416,2025-08-01,19:00,4,website,cancelled,window_seat
556,116,2025-09-16,19:00,4,website,completed,high_chair
557,267,2025-10-25,13:00,5,instagram,completed,window_seat
558,466,2025-12-16,20:00,6,phone,completed,birthday
559,442,2025-09-09,21:00,4,phone,cancelled,high_chair
560,466,2025-09-13,14:00,2,website,completed,birthday
561,163,2025-09-13,14:00,1,instagram,cancelled,high_chair
562,156,2026-02-12,13:00,4,website,cancelled,birthday
563,95,2025-07-14,20:00,4,phone,completed,birthday
564,119,2025-07-14,12:00,4,instagram,completed,birthday
565,258,2026-02-26,13:00,4,instagram,cancelled,high_chair
566,71,2025-09-22,13:00,3,website,completed,window_seat
567,487,2026-01-28,21:00,3,phone,completed,birthday
568,34,2025-09-29,20:00,6,walk_in,completed,high_chair
569,455,2025-11-04,19:00,5,instagram,cancelled,window_seat
570,202,2026-03-26,20:00,1,instagram,completed,none
571,450,2025-11-03,20:00,8,website,completed,high_chair
572,265,2025-07-26,14:00,3,walk_in,completed,window_seat
573,237,2025-09-24,14:00,5,website,completed,birthday
574,238,2026-02-17,21:00,2,phone,completed,birthday
575,202,2026-01-28,19:00,4,instagram,completed,birthday
576,452,2026-02-18,14:00,2,phone,completed,none
577,47,2025-08-28,21:00,6,instagram,completed,birthday
578,194,2026-01-11,13:00,1,phone,no_show,birthday
579,445,2025-09-13,21:00,2,walk_in,completed,window_seat
580,374,2026-02-14,21:00,4,phone,completed,birthday
581,2,2025-11-07,19:00,1,instagram,completed,none
582,312,2026-03-10,13:00,3,instagram,completed,high_chair
583,210,2026-02-12,20:00,2,phone,completed,window_seat
584,318,2025-10-15,13:00,1,walk_in,completed,none
585,75,2025-07-17,14:00,4,website,no_show,none
586,214,2025-09-30,21:00,2,phone,completed,high_chair
587,384,2026-01-01,12:00,1,walk_in,cancelled,window_seat
588,460,2026-01-11,19:00,2,website,cancelled,window_seat
589,242,2025-09-07,21:00,2,walk_in,cancelled,high_chair
590,269,2025-10-16,20:00,3,website,completed,high_chair
591,371,2025-11-25,20:00,5,walk_in,cancelled,window_seat
592,475,2025-09-05,20:00,6,instagram,cancelled,high_chair
593,414,2025-10-01,21:00,3,phone,completed,none
594,61,2025-07-13,21:00,6,phone,cancelled,high_chair
595,212,2025-07-24,14:00,4,phone,completed,none
596,328,2025-10-12,14:00,4,walk_in,cancelled,window_seat
597,260,2025-12-13,12:00,1,walk_in,completed,high_chair
598,371,2025-07-15,13:00,2,walk_in,completed,high_chair
599,470,2026-02-28,21:00,1,phone,completed,high_chair
600,457,2025-12-19,19:00,6,website,no_show,window_seat
601,290,2025-12-09,20:00,8,walk_in,completed,window_seat
602,34,2025-09-15,12:00,4,instagram,completed,birthday
603,293,2026-01-16,20:00,2,walk_in,completed,window_seat
604,364,2025-07-17,19:00,4,phone,completed,window_seat
605,232,2025-12-02,20:00,3,website,completed,window_seat
606,402,2025-07-20,12:00,3,website,completed,high_chair
607,464,2026-03-14,13:00,2,instagram,completed,window_seat
608,398,2025-12-15,12:00,2,phone,cancelled,birthday
609,371,2025-07-19,19:00,6,website,cancelled,none
610,160,2025-07-23,14:00,2,website,completed,none
611,267,2025-12-07,20:00,1,phone,cancelled,window_seat
612,103,2025-10-07,14:00,4,instagram,completed,none
613,140,2025-09-15,14:00,2,website,completed,birthday
614,278,2025-12-27,14:00,8,walk_in,completed,birthday
615,88,2025-08-06,20:00,4,instagram,cancelled,none
616,67,2025-07-15,21:00,6,instagram,completed,none
617,45,2026-02-04,13:00,5,instagram,cancelled,window_seat
618,160,2025-12-18,21:00,3,website,cancelled,high_chair
619,291,2025-09-06,21:00,2,instagram,completed,window_seat
620,351,2026-02-24,13:00,6,phone,no_show,window_seat
621,468,2026-01-03,13:00,5,walk_in,completed,window_seat
622,233,2026-03-07,12:00,1,walk_in,completed,high_chair
623,237,2025-09-26,14:00,4,phone,completed,none
624,208,2025-08-24,20:00,4,walk_in,completed,high_chair
625,206,2026-01-28,20:00,3,phone,completed,high_chair
626,197,2025-08-03,13:00,4,instagram,cancelled,high_chair
627,291,2025-12-23,21:00,8,website,completed,high_chair
628,59,2026-02-23,20:00,4,instagram,completed,birthday
629,158,2026-01-24,20:00,2,instagram,completed,window_seat
630,254,2025-08-01,13:00,2,website,cancelled,birthday
631,339,2025-09-15,20:00,6,instagram,completed,birthday
632,106,2025-12-10,20:00,4,walk_in,cancelled,high_chair
633,368,2025-12-24,20:00,2,instagram,completed,birthday
634,437,2025-11-28,14:00,1,website,no_show,none
635,361,2025-12-31,14:00,2,phone,cancelled,high_chair
636,360,2026-01-18,21:00,4,instagram,completed,high_chair
637,280,2025-10-17,19:00,2,instagram,completed,window_seat
638,431,2026-01-30,14:00,2,phone,no_show,birthday
639,6,2025-08-06,13:00,1,instagram,cancelled,high_chair
640,500,2025-09-08,13:00,2,instagram,completed,high_chair
641,458,2026-02-03,19:00,2,instagram,completed,high_chair
642,182,2025-10-24,19:00,2,instagram,completed,birthday
643,365,2026-03-14,19:00,4,walk_in,no_show,none
644,20,2026-03-05,12:00,4,website,completed,birthday
645,374,2026-03-27,19:00,4,website,completed,birthday
646,242,2025-08-09,20:00,8,website,completed,window_seat
647,274,2025-07-06,19:00,6,instagram,completed,window_seat
648,216,2025-12-28,14:00,4,walk_in,completed,window_seat
649,32,2026-02-28,20:00,2,walk_in,completed,none
650,147,2026-03-06,13:00,2,walk_in,completed,window_seat
651,68,2025-11-21,14:00,4,website,completed,birthday
652,466,2025-09-16,14:00,6,walk_in,cancelled,birthday
653,249,2025-10-01,12:00,8,website,completed,birthday
654,305,2025-09-17,19:00,6,phone,cancelled,high_chair
655,372,2025-09-24,20:00,3,walk_in,cancelled,none
656,329,2025-11-13,12:00,2,instagram,completed,high_chair
657,155,2026-03-01,13:00,8,instagram,completed,high_chair
658,135,2025-09-13,19:00,8,instagram,completed,high_chair
659,348,2025-12-09,21:00,8,website,no_show,window_seat
660,490,2026-02-07,14:00,4,website,completed,window_seat
661,336,2026-01-17,21:00,6,phone,cancelled,window_seat
662,347,2025-10-01,20:00,4,website,completed,none
663,7,2026-01-27,20:00,2,instagram,completed,window_seat
664,113,2025-11-23,13:00,4,website,completed,none
665,481,2025-10-20,21:00,2,website,no_show,birthday
666,193,2025-10-03,21:00,2,walk_in,completed,high_chair
667,339,2025-08-08,14:00,6,walk_in,cancelled,window_seat
668,83,2025-08-07,12:00,4,walk_in,completed,none
669,133,2025-11-13,19:00,2,phone,completed,high_chair
670,92,2026-03-09,13:00,2,instagram,completed,birthday
671,315,2025-08-24,21:00,6,website,completed,none
672,37,2025-11-06,12:00,6,phone,cancelled,none
673,478,2025-07-20,14:00,5,walk_in,completed,high_chair
674,295,2025-07-02,21:00,8,instagram,no_show,high_chair
675,224,2026-01-23,20:00,2,instagram,completed,high_chair
676,63,2025-12-31,21:00,4,website,completed,none
677,188,2026-03-31,12:00,4,walk_in,cancelled,birthday
678,91,2025-07-21,21:00,5,instagram,completed,none
679,323,2025-12-31,12:00,6,instagram,cancelled,birthday
680,72,2025-07-19,12:00,3,phone,cancelled,high_chair
681,200,2025-08-02,21:00,8,instagram,completed,none
682,19,2025-12-21,14:00,1,website,cancelled,high_chair
683,61,2025-10-17,19:00,8,phone,no_show,birthday
684,474,2025-08-06,21:00,1,website,completed,high_chair
685,465,2025-07-24,21:00,3,website,completed,birthday
686,324,2025-07-26,12:00,4,phone,completed,none
687,419,2025-08-24,19:00,2,phone,completed,none
688,412,2025-10-12,14:00,5,instagram,cancelled,window_seat
689,62,2025-09-09,13:00,4,phone,cancelled,window_seat
690,33,2025-08-31,13:00,4,phone,cancelled,window_seat
691,284,2025-09-23,13:00,6,website,no_show,birthday
692,52,2026-01-09,12:00,2,website,cancelled,none
693,4,2025-09-30,21:00,2,walk_in,completed,high_chair
694,356,2026-03-01,13:00,2,walk_in,completed,high_chair
695,211,2025-10-31,20:00,2,phone,completed,high_chair
696,314,2025-08-15,14:00,4,phone,completed,birthday
697,61,2026-03-29,20:00,2,phone,completed,high_chair
698,395,2025-10-15,12:00,4,phone,completed,high_chair
699,255,2025-09-29,21:00,2,website,no_show,window_seat
700,146,2025-10-16,14:00,5,instagram,completed,none
701,54,2025-07-27,13:00,8,website,completed,high_chair
702,264,2025-08-29,13:00,2,walk_in,cancelled,high_chair
703,102,2025-12-14,12:00,3,website,completed,birthday
704,378,2026-01-28,19:00,3,website,cancelled,high_chair
705,300,2026-03-06,19:00,1,instagram,completed,birthday
706,199,2026-01-08,19:00,2,walk_in,cancelled,window_seat
707,104,2025-12-19,12:00,2,website,completed,window_seat
708,70,2025-08-26,19:00,6,walk_in,completed,birthday
709,454,2025-11-29,21:00,2,phone,no_show,birthday
710,45,2026-01-27,19:00,8,phone,cancelled,high_chair
711,429,2026-02-22,12:00,4,phone,cancelled,birthday
712,168,2026-02-08,20:00,3,website,no_show,high_chair
713,23,2025-07-21,21:00,6,website,cancelled,high_chair
714,272,2026-01-18,21:00,6,instagram,cancelled,high_chair
715,124,2025-08-12,12:00,8,instagram,completed,birthday
716,68,2025-12-31,13:00,4,website,completed,none
717,246,2025-12-04,21:00,2,website,completed,high_chair
718,238,2025-09-09,13:00,5,walk_in,cancelled,high_chair
719,361,2025-07-01,19:00,2,walk_in,cancelled,none
720,152,2026-02-04,21:00,4,phone,no_show,none
721,318,2025-12-19,20:00,1,walk_in,no_show,none
722,57,2026-01-13,19:00,4,walk_in,completed,window_seat
723,90,2025-08-04,21:00,8,phone,cancelled,window_seat
724,123,2025-08-28,21:00,6,phone,no_show,birthday
725,165,2025-12-28,20:00,4,walk_in,completed,none
726,33,2026-01-07,19:00,4,website,completed,high_chair
727,364,2026-03-30,14:00,8,walk_in,completed,none
728,97,2026-02-20,12:00,2,phone,completed,window_seat
729,491,2025-08-09,13:00,2,phone,completed,high_chair
730,78,2025-10-13,21:00,8,instagram,completed,birthday
731,243,2025-12-25,19:00,5,website,cancelled,window_seat
732,97,2025-08-02,13:00,1,walk_in,cancelled,high_chair
733,297,2025-12-23,19:00,4,instagram,completed,high_chair
734,156,2025-09-06,13:00,4,phone,cancelled,high_chair
735,191,2025-11-25,13:00,1,instagram,completed,birthday
736,317,2025-09-21,14:00,8,phone,completed,birthday
737,83,2025-10-30,12:00,2,phone,no_show,high_chair
738,134,2026-01-06,13:00,2,website,completed,window_seat
739,177,2025-09-14,19:00,4,phone,completed,window_seat
740,63,2025-07-13,19:00,5,instagram,cancelled,window_seat
741,80,2025-07-03,20:00,8,walk_in,completed,high_chair
742,459,2025-11-26,20:00,2,instagram,cancelled,window_seat
743,353,2025-08-27,12:00,6,website,completed,window_seat
744,13,2026-01-22,19:00,3,walk_in,completed,none
745,312,2025-10-08,13:00,8,walk_in,cancelled,birthday
746,12,2025-08-12,19:00,8,website,completed,high_chair
747,100,2026-03-09,20:00,4,website,completed,window_seat
748,204,2025-09-14,14:00,5,website,completed,window_seat
749,177,2025-12-27,19:00,4,website,cancelled,birthday
750,373,2026-02-13,19:00,5,instagram,completed,high_chair
751,72,2025-08-14,13:00,2,walk_in,completed,none
752,478,2026-01-09,12:00,2,walk_in,completed,high_chair
753,90,2026-02-22,13:00,2,instagram,completed,window_seat
754,284,2026-03-09,14:00,1,walk_in,cancelled,high_chair
755,287,2026-02-23,12:00,3,phone,cancelled,window_seat
756,154,2026-02-27,21:00,2,walk_in,completed,high_chair
757,92,2026-03-09,12:00,3,walk_in,completed,high_chair
758,497,2025-08-04,20:00,4,instagram,completed,window_seat
759,322,2026-03-01,14:00,2,website,completed,window_seat
760,84,2025-07-30,14:00,2,phone,completed,window_seat
761,84,2025-07-28,14:00,4,walk_in,completed,none
762,149,2025-11-27,21:00,8,phone,no_show,birthday
763,392,2025-08-18,20:00,2,walk_in,completed,window_seat
764,139,2026-01-02,20:00,2,phone,completed,none
765,71,2026-03-23,14:00,4,instagram,cancelled,window_seat
766,472,2025-09-22,13:00,2,phone,completed,birthday
767,408,2026-03-27,21:00,8,website,completed,high_chair
768,236,2025-08-09,13:00,2,instagram,no_show,window_seat
769,160,2026-01-02,19:00,2,walk_in,cancelled,birthday
770,364,2025-12-03,21:00,1,phone,cancelled,birthday
771,439,2025-09-11,14:00,3,phone,completed,none
772,218,2025-08-27,12:00,2,instagram,cancelled,none
773,101,2025-08-25,21:00,1,website,completed,high_chair
774,61,2025-11-07,12:00,1,website,completed,none
775,401,2025-09-02,20:00,3,phone,no_show,window_seat
776,15,2025-08-16,21:00,2,walk_in,no_show,window_seat
777,83,2026-03-14,20:00,3,website,completed,none
778,271,2025-10-20,14:00,3,website,completed,none
779,474,2025-10-18,21:00,8,phone,completed,high_chair
780,345,2025-08-24,14:00,2,instagram,no_show,birthday
781,264,2025-10-25,12:00,5,walk_in,cancelled,none
782,239,2025-08-26,13:00,8,walk_in,completed,window_seat
783,286,2025-07-21,14:00,2,instagram,completed,window_seat
784,234,2025-12-07,13:00,6,walk_in,completed,high_chair
785,97,2025-08-05,21:00,6,website,completed,high_chair
786,345,2025-08-23,19:00,5,website,completed,none
787,74,2026-01-19,21:00,5,website,completed,birthday
788,34,2026-01-03,14:00,3,instagram,completed,none
789,120,2026-02-03,14:00,6,walk_in,cancelled,high_chair
790,183,2026-03-01,19:00,5,phone,completed,high_chair
791,56,2025-09-01,19:00,4,phone,completed,none
792,51,2025-07-28,19:00,2,phone,completed,high_chair
793,310,2025-12-15,14:00,2,website,completed,none
794,339,2026-03-24,19:00,6,instagram,completed,high_chair
795,259,2025-11-11,14:00,8,website,cancelled,none
796,221,2025-08-30,19:00,5,instagram,completed,high_chair
797,236,2025-07-19,13:00,1,walk_in,completed,birthday
798,252,2026-02-06,14:00,2,instagram,cancelled,none
799,292,2026-03-09,21:00,8,instagram,completed,high_chair
800,288,2025-09-19,12:00,8,instagram,completed,high_chair
801,316,2025-12-28,14:00,4,website,completed,birthday
802,429,2026-01-04,21:00,4,walk_in,completed,high_chair
803,50,2026-02-05,14:00,4,website,completed,birthday
804,127,2025-10-29,20:00,4,website,completed,window_seat
805,59,2025-12-20,12:00,2,website,completed,high_chair
806,337,2026-02-02,19:00,8,instagram,completed,none
807,163,2026-01-10,14:00,5,instagram,completed,none
808,354,2025-10-14,19:00,4,walk_in,completed,birthday
809,315,2025-12-01,19:00,4,website,completed,birthday
810,148,2025-11-13,14:00,1,instagram,no_show,birthday
811,320,2025-08-17,20:00,2,website,completed,high_chair
812,219,2025-10-16,12:00,4,walk_in,completed,window_seat
813,222,2025-12-08,19:00,3,instagram,completed,birthday
814,452,2025-07-10,13:00,8,phone,completed,high_chair
815,138,2026-03-30,20:00,5,website,cancelled,birthday
816,187,2026-02-22,13:00,2,walk_in,completed,high_chair
817,211,2025-12-11,21:00,2,instagram,completed,window_seat
818,422,2025-11-24,14:00,2,phone,completed,high_chair
819,123,2025-08-28,13:00,2,walk_in,completed,high_chair
820,249,2026-02-09,21:00,5,phone,no_show,birthday
821,140,2025-09-08,14:00,1,walk_in,cancelled,birthday
822,330,2025-07-22,12:00,6,website,completed,window_seat
823,309,2025-11-30,19:00,2,website,cancelled,high_chair
824,483,2025-09-10,12:00,3,website,completed,window_seat
825,255,2025-08-16,20:00,3,walk_in,completed,window_seat
826,427,2026-01-16,19:00,3,website,completed,birthday
827,110,2025-11-18,19:00,6,website,completed,high_chair
828,274,2026-01-08,14:00,2,instagram,completed,birthday
829,494,2025-11-20,14:00,2,walk_in,completed,window_seat
830,11,2025-07-18,21:00,1,phone,no_show,window_seat
831,283,2026-01-13,21:00,4,walk_in,no_show,none
832,274,2025-10-30,19:00,6,instagram,completed,window_seat
833,155,2025-08-16,14:00,3,phone,completed,high_chair
834,324,2025-12-10,12:00,5,website,completed,high_chair
835,242,2026-01-28,21:00,4,website,completed,birthday
836,358,2025-11-11,12:00,8,walk_in,completed,high_chair
837,356,2025-07-15,21:00,1,instagram,completed,birthday
838,2,2026-01-22,21:00,3,website,completed,none
839,81,2025-11-05,21:00,8,phone,no_show,high_chair
840,406,2025-12-11,19:00,6,phone,cancelled,window_seat
841,89,2025-12-15,13:00,4,walk_in,completed,birthday
842,202,2026-01-10,12:00,3,phone,no_show,none
843,499,2026-02-22,14:00,3,phone,cancelled,none
844,206,2026-02-05,13:00,4,walk_in,completed,birthday
845,485,2025-08-30,21:00,1,instagram,completed,high_chair
846,61,2025-10-23,13:00,3,walk_in,no_show,window_seat
847,383,2026-03-11,13:00,5,phone,completed,birthday
848,422,2025-11-22,19:00,3,phone,completed,none
849,149,2025-11-12,20:00,3,phone,completed,window_seat
850,299,2026-02-20,12:00,2,walk_in,completed,high_chair
851,352,2025-10-17,21:00,5,walk_in,completed,none
852,49,2025-07-31,14:00,1,instagram,no_show,window_seat
853,311,2025-07-24,14:00,1,instagram,completed,window_seat
854,203,2026-01-06,20:00,2,phone,completed,window_seat
855,87,2026-03-15,14:00,6,phone,cancelled,none
856,163,2026-03-29,13:00,5,walk_in,completed,none
857,66,2026-03-13,21:00,4,instagram,completed,window_seat
858,463,2025-11-12,20:00,4,phone,completed,window_seat
859,378,2026-03-09,20:00,2,instagram,cancelled,none
860,97,2025-09-15,13:00,1,instagram,completed,window_seat
861,84,2026-02-25,12:00,5,instagram,no_show,none
862,227,2025-12-30,19:00,8,website,completed,birthday
863,64,2025-12-26,13:00,2,phone,cancelled,birthday
864,384,2026-03-18,20:00,4,phone,cancelled,none
865,270,2025-10-01,12:00,5,instagram,completed,none
866,455,2025-12-16,14:00,1,website,completed,high_chair
867,192,2025-08-24,13:00,4,instagram,completed,high_chair
868,233,2025-11-15,14:00,1,instagram,no_show,window_seat
869,486,2025-09-05,12:00,3,walk_in,cancelled,window_seat
870,409,2025-07-29,20:00,2,instagram,no_show,none
871,205,2025-11-08,13:00,2,instagram,no_show,none
872,11,2025-10-15,19:00,2,walk_in,cancelled,birthday
873,62,2025-11-30,19:00,6,walk_in,cancelled,birthday
874,184,2025-08-19,20:00,4,instagram,completed,high_chair
875,244,2025-11-15,12:00,5,walk_in,cancelled,birthday
876,223,2026-02-04,12:00,2,instagram,completed,birthday
877,332,2025-09-18,20:00,6,website,completed,window_seat
878,240,2026-02-09,19:00,2,phone,completed,window_seat
879,431,2025-11-05,19:00,8,website,completed,none
880,470,2025-07-24,12:00,8,instagram,completed,none
881,238,2025-11-07,14:00,4,website,completed,none
882,380,2026-02-22,13:00,2,website,cancelled,none
883,214,2025-11-30,20:00,4,instagram,cancelled,window_seat
884,175,2025-10-04,13:00,3,walk_in,completed,none
885,223,2026-03-31,12:00,1,website,completed,birthday
886,336,2026-03-02,21:00,6,instagram,completed,window_seat
887,317,2026-01-01,14:00,5,phone,completed,none
888,98,2025-08-27,21:00,1,website,no_show,birthday
889,247,2025-09-13,19:00,3,phone,cancelled,none
890,155,2026-02-23,19:00,2,website,completed,birthday
891,463,2025-09-17,19:00,6,instagram,completed,birthday
892,104,2025-11-28,12:00,5,website,completed,high_chair
893,213,2026-03-11,14:00,8,instagram,completed,high_chair
894,263,2026-03-07,21:00,3,website,completed,high_chair
895,296,2025-12-09,12:00,8,instagram,completed,high_chair
896,60,2026-03-11,19:00,4,website,completed,birthday
897,148,2025-10-07,14:00,6,phone,completed,window_seat
898,472,2026-02-25,14:00,2,instagram,cancelled,high_chair
899,427,2026-01-01,13:00,6,walk_in,completed,none
900,342,2026-03-05,13:00,2,instagram,completed,none
901,407,2026-01-29,14:00,6,website,completed,none
902,184,2025-11-11,21:00,4,website,completed,none
903,173,2026-02-06,20:00,2,phone,completed,high_chair
904,133,2025-12-22,12:00,4,walk_in,cancelled,birthday
905,437,2026-03-21,21:00,2,instagram,completed,high_chair
906,493,2025-08-26,20:00,2,website,completed,none
907,260,2025-08-23,21:00,2,phone,completed,window_seat
908,81,2025-11-27,20:00,6,website,completed,birthday
909,332,2026-01-03,13:00,4,phone,completed,high_chair
910,497,2026-01-29,13:00,1,instagram,cancelled,window_seat
911,147,2026-03-16,12:00,2,instagram,completed,window_seat
912,323,2025-11-03,20:00,2,phone,completed,birthday
913,411,2026-02-05,19:00,5,walk_in,cancelled,none
914,227,2025-09-13,21:00,1,website,cancelled,none
915,174,2025-12-09,13:00,5,instagram,completed,none
916,339,2025-09-16,21:00,1,walk_in,no_show,high_chair
917,206,2025-12-03,14:00,4,walk_in,completed,birthday
918,359,2026-01-23,21:00,6,instagram,completed,window_seat
919,455,2026-01-24,14:00,3,walk_in,completed,high_chair
920,372,2025-09-03,20:00,8,website,completed,window_seat
921,267,2025-12-22,12:00,2,walk_in,completed,birthday
922,427,2025-12-03,20:00,5,website,completed,window_seat
923,133,2026-03-17,12:00,4,website,completed,high_chair
924,153,2025-07-03,14:00,6,phone,no_show,window_seat
925,154,2025-11-23,21:00,2,phone,completed,none
926,168,2026-03-22,14:00,3,phone,completed,high_chair
927,425,2026-01-27,12:00,2,phone,completed,high_chair
928,110,2026-02-14,14:00,2,instagram,completed,high_chair
929,447,2025-11-13,21:00,6,instagram,completed,high_chair
930,375,2026-01-30,13:00,2,instagram,completed,high_chair
931,67,2026-03-20,12:00,8,instagram,completed,high_chair
932,17,2025-09-19,14:00,8,website,no_show,high_chair
933,57,2025-08-31,20:00,4,phone,completed,none
934,191,2025-12-04,14:00,4,website,completed,birthday
935,73,2026-02-01,14:00,1,phone,cancelled,birthday
936,420,2026-03-08,12:00,1,website,completed,none
937,214,2026-03-04,20:00,4,walk_in,completed,high_chair
938,244,2025-09-06,20:00,2,instagram,completed,high_chair
939,77,2025-12-14,20:00,2,instagram,completed,high_chair
940,120,2026-01-19,20:00,4,instagram,completed,window_seat
941,331,2025-08-15,21:00,2,walk_in,completed,none
942,330,2025-08-13,20:00,3,website,completed,birthday
943,385,2026-03-01,12:00,8,phone,completed,none
944,141,2025-10-14,21:00,3,instagram,cancelled,none
945,414,2026-03-31,19:00,4,instagram,completed,none
946,175,2026-02-09,19:00,2,walk_in,completed,high_chair
947,132,2025-08-16,12:00,2,walk_in,completed,birthday
948,94,2025-11-08,13:00,2,instagram,completed,birthday
949,31,2025-12-14,12:00,2,walk_in,cancelled,high_chair
950,51,2025-12-11,19:00,2,walk_in,cancelled,high_chair
951,483,2025-08-31,13:00,1,phone,completed,high_chair
952,261,2026-03-16,12:00,5,walk_in,completed,high_chair
953,284,2026-01-25,19:00,2,phone,completed,none
954,138,2025-08-21,20:00,3,phone,completed,window_seat
955,291,2026-01-25,12:00,6,phone,cancelled,birthday
956,192,2025-09-25,20:00,3,instagram,no_show,none
957,1,2026-02-23,21:00,4,website,no_show,none
958,478,2026-03-04,20:00,4,instagram,completed,window_seat
959,432,2025-10-17,14:00,8,website,completed,window_seat
960,46,2026-01-19,13:00,2,walk_in,cancelled,high_chair
961,108,2026-03-16,21:00,4,walk_in,no_show,high_chair
962,140,2025-11-03,14:00,4,walk_in,completed,none
963,468,2025-09-07,20:00,1,website,completed,birthday
964,212,2026-03-08,20:00,5,website,completed,none
965,457,2026-02-13,14:00,2,instagram,no_show,window_seat
966,199,2025-09-29,12:00,1,phone,completed,high_chair
967,5,2025-10-22,14:00,1,walk_in,completed,birthday
968,47,2025-12-03,13:00,3,walk_in,no_show,none
969,144,2026-03-10,12:00,3,instagram,completed,none
970,446,2025-11-20,19:00,8,phone,completed,birthday
971,34,2025-09-04,13:00,2,phone,completed,window_seat
972,99,2025-07-12,20:00,8,instagram,completed,none
973,481,2026-02-04,14:00,1,instagram,completed,window_seat
974,63,2026-03-23,19:00,6,website,completed,birthday
975,25,2025-11-20,20:00,5,website,completed,high_chair
976,100,2025-12-19,20:00,2,phone,cancelled,high_chair
977,491,2025-08-08,13:00,3,walk_in,completed,none
978,321,2025-08-19,19:00,1,website,completed,window_seat
979,431,2025-11-06,12:00,3,walk_in,completed,none
980,421,2025-12-18,13:00,8,instagram,no_show,none
981,321,2026-02-14,12:00,2,website,no_show,high_chair
982,161,2025-08-03,12:00,2,instagram,no_show,none
983,155,2026-02-07,12:00,2,website,completed,window_seat
984,436,2026-01-12,12:00,5,instagram,completed,birthday
985,443,2025-07-06,19:00,6,instagram,completed,none
986,174,2025-07-14,20:00,6,phone,completed,none
987,53,2025-07-07,20:00,2,phone,cancelled,birthday
988,327,2026-03-18,14:00,4,instagram,completed,birthday
989,125,2025-09-09,12:00,1,instagram,completed,window_seat
990,160,2025-09-13,19:00,2,walk_in,completed,window_seat
991,189,2025-07-05,20:00,8,phone,completed,none
992,122,2026-03-17,12:00,8,phone,completed,birthday
993,328,2025-10-12,14:00,2,instagram,completed,high_chair
994,308,2025-12-17,20:00,4,walk_in,completed,birthday
995,54,2026-02-18,19:00,1,website,completed,birthday
996,355,2025-10-26,20:00,6,instagram,completed,window_seat
997,414,2026-01-09,19:00,3,website,completed,window_seat
998,6,2025-08-07,12:00,4,phone,completed,window_seat
999,226,2025-10-08,12:00,4,phone,no_show,birthday
1000,146,2025-09-28,14:00,3,walk_in,cancelled,birthday
1001,92,2025-10-09,13:00,1,website,cancelled,none
1002,426,2025-09-09,21:00,5,website,cancelled,window_seat
1003,480,2025-10-16,19:00,4,walk_in,completed,birthday
1004,482,2026-03-27,21:00,5,phone,completed,birthday
1005,407,2025-10-06,20:00,3,walk_in,completed,window_seat
1006,307,2026-02-05,12:00,3,phone,cancelled,window_seat
1007,405,2025-09-15,13:00,4,walk_in,completed,birthday
1008,436,2026-03-18,13:00,6,instagram,cancelled,none
1009,86,2026-03-18,21:00,5,walk_in,cancelled,high_chair
1010,266,2026-02-23,14:00,2,instagram,cancelled,high_chair
1011,243,2025-11-15,21:00,5,website,no_show,birthday
1012,113,2025-10-12,13:00,6,walk_in,completed,high_chair
1013,456,2026-01-10,14:00,2,website,completed,birthday
1014,385,2025-08-13,19:00,4,phone,completed,none
1015,239,2026-03-20,19:00,4,instagram,completed,high_chair
1016,189,2026-03-12,14:00,4,phone,completed,high_chair
1017,120,2025-11-13,14:00,2,walk_in,no_show,none
1018,403,2025-11-19,12:00,3,walk_in,completed,none
1019,280,2025-10-11,13:00,4,walk_in,completed,window_seat
1020,382,2025-11-18,21:00,3,phone,completed,window_seat
1021,5,2025-12-01,14:00,4,instagram,cancelled,high_chair
1022,421,2025-07-07,21:00,6,phone,completed,high_chair
1023,117,2025-10-25,19:00,3,instagram,completed,high_chair
1024,175,2025-08-13,13:00,4,instagram,completed,birthday
1025,225,2026-02-16,12:00,8,phone,completed,window_seat
1026,483,2025-07-05,21:00,6,walk_in,cancelled,birthday
1027,215,2026-02-03,21:00,5,walk_in,completed,none
1028,291,2025-07-17,13:00,2,walk_in,no_show,high_chair
1029,196,2025-10-13,12:00,5,phone,completed,high_chair
1030,56,2025-12-16,21:00,6,website,cancelled,birthday
1031,54,2025-09-29,21:00,1,website,completed,birthday
1032,102,2025-08-05,14:00,5,walk_in,completed,none
1033,233,2025-07-30,20:00,4,walk_in,completed,high_chair
1034,201,2025-09-19,13:00,2,instagram,completed,none
1035,200,2025-10-14,13:00,2,instagram,completed,birthday
1036,310,2025-12-06,20:00,3,instagram,cancelled,window_seat
1037,104,2025-07-04,19:00,2,instagram,completed,birthday
1038,270,2025-12-16,19:00,6,website,completed,none
1039,148,2026-02-19,21:00,4,walk_in,cancelled,high_chair
1040,314,2025-09-28,13:00,5,instagram,completed,high_chair
1041,197,2025-10-02,19:00,2,website,completed,birthday
1042,454,2025-09-19,21:00,4,website,completed,birthday
1043,466,2026-03-10,20:00,5,walk_in,completed,none
1044,387,2025-08-23,14:00,8,phone,completed,window_seat
1045,107,2026-03-17,19:00,1,instagram,completed,high_chair
1046,176,2026-01-21,19:00,3,walk_in,completed,none
1047,364,2025-09-08,21:00,4,instagram,cancelled,high_chair
1048,35,2025-08-12,21:00,8,instagram,completed,birthday
1049,242,2025-11-20,13:00,2,website,cancelled,birthday
1050,151,2025-09-02,21:00,8,website,completed,none
1051,347,2025-11-17,19:00,2,phone,completed,none
1052,458,2026-03-30,19:00,3,website,completed,high_chair
1053,354,2025-12-05,12:00,6,website,completed,high_chair
1054,393,2025-10-12,14:00,3,phone,no_show,none
1055,9,2026-02-01,12:00,1,phone,completed,none
1056,113,2025-08-19,21:00,2,instagram,completed,none
1057,418,2025-12-15,20:00,4,phone,completed,high_chair
1058,481,2026-02-05,13:00,2,walk_in,completed,window_seat
1059,89,2025-07-08,21:00,5,instagram,completed,birthday
1060,235,2025-10-21,21:00,2,walk_in,cancelled,none
1061,35,2025-10-20,14:00,5,instagram,cancelled,none
1062,365,2025-09-26,12:00,4,instagram,completed,birthday
1063,171,2025-09-28,21:00,4,walk_in,completed,none
1064,312,2026-02-15,20:00,5,phone,completed,none
1065,120,2025-07-11,14:00,2,instagram,completed,birthday
1066,318,2025-08-10,13:00,1,walk_in,completed,birthday
1067,78,2026-01-09,21:00,3,instagram,completed,window_seat
1068,69,2025-11-20,21:00,4,website,cancelled,high_chair
1069,332,2025-11-25,13:00,1,walk_in,cancelled,window_seat
1070,125,2025-10-14,12:00,8,phone,no_show,birthday
1071,312,2026-01-12,14:00,8,website,completed,none
1072,446,2026-03-09,13:00,2,phone,completed,birthday
1073,65,2025-08-16,20:00,2,phone,completed,birthday
1074,260,2025-08-10,21:00,5,phone,completed,birthday
1075,126,2026-02-03,20:00,2,walk_in,completed,high_chair
1076,496,2025-10-12,19:00,4,walk_in,completed,high_chair
1077,194,2025-09-24,19:00,6,instagram,completed,birthday
1078,420,2026-03-04,19:00,1,website,completed,window_seat
1079,305,2025-09-17,21:00,8,instagram,completed,high_chair
1080,157,2026-02-18,19:00,4,instagram,completed,none
1081,171,2025-09-08,13:00,6,phone,completed,none
1082,7,2026-03-14,19:00,4,instagram,completed,high_chair
1083,497,2026-01-08,19:00,5,website,completed,high_chair
1084,454,2025-07-20,19:00,2,phone,no_show,birthday
1085,391,2026-02-09,21:00,4,instagram,completed,window_seat
1086,357,2025-07-30,19:00,5,phone,cancelled,high_chair
1087,18,2026-01-02,21:00,1,phone,completed,window_seat
1088,310,2026-02-19,14:00,2,phone,completed,none
1089,60,2025-08-17,19:00,5,website,cancelled,birthday
1090,449,2026-02-02,19:00,2,walk_in,completed,high_chair
1091,301,2025-12-05,21:00,5,website,cancelled,window_seat
1092,417,2025-09-12,21:00,4,instagram,completed,window_seat
1093,4,2025-09-25,12:00,6,instagram,completed,high_chair
1094,336,2025-11-25,13:00,5,phone,completed,birthday
1095,102,2026-03-07,20:00,2,instagram,no_show,birthday
1096,96,2025-10-11,21:00,1,phone,completed,window_seat
1097,462,2026-01-26,21:00,6,website,no_show,birthday
1098,41,2025-11-28,19:00,2,website,completed,window_seat
1099,16,2025-10-29,19:00,6,website,completed,none
1100,32,2025-11-14,21:00,1,website,completed,none
1101,109,2026-03-25,19:00,1,walk_in,completed,high_chair
1102,243,2025-12-20,14:00,5,walk_in,completed,window_seat
1103,419,2025-10-31,21:00,4,website,completed,window_seat
1104,448,2025-12-17,12:00,2,instagram,completed,birthday
1105,14,2025-09-01,14:00,8,phone,no_show,window_seat
1106,232,2026-03-01,19:00,8,website,completed,window_seat
1107,9,2026-01-01,21:00,1,instagram,completed,birthday
1108,311,2026-03-06,21:00,5,website,completed,window_seat
1109,220,2026-03-01,21:00,2,phone,completed,birthday
1110,446,2026-03-24,12:00,8,website,completed,window_seat
1111,427,2026-02-25,19:00,2,instagram,no_show,birthday
1112,125,2025-10-17,21:00,2,website,completed,high_chair
1113,367,2025-07-15,14:00,2,walk_in,no_show,birthday
1114,369,2025-11-09,21:00,6,phone,completed,high_chair
1115,47,2025-12-18,20:00,3,website,cancelled,window_seat
1116,194,2026-01-12,19:00,8,phone,cancelled,window_seat
1117,60,2025-11-26,12:00,2,phone,completed,none
1118,294,2026-01-05,14:00,2,website,no_show,window_seat
1119,32,2025-10-06,19:00,5,walk_in,completed,birthday
1120,267,2025-10-22,19:00,2,instagram,completed,window_seat
1121,75,2025-11-29,19:00,3,phone,completed,window_seat
1122,75,2025-07-18,14:00,4,website,completed,window_seat
1123,435,2026-03-02,19:00,3,instagram,completed,none
1124,415,2025-12-18,21:00,2,phone,completed,none
1125,473,2025-09-30,21:00,6,phone,completed,none
1126,281,2026-01-17,19:00,4,walk_in,completed,high_chair
1127,201,2025-08-06,21:00,8,phone,completed,high_chair
1128,50,2025-09-06,20:00,4,website,cancelled,window_seat
1129,235,2025-09-22,19:00,2,walk_in,completed,birthday
1130,108,2025-10-20,21:00,3,walk_in,completed,none
1131,348,2025-09-14,19:00,5,phone,completed,none
1132,50,2025-12-30,13:00,6,website,no_show,window_seat
1133,304,2026-02-08,21:00,2,phone,cancelled,none
1134,61,2025-11-01,19:00,5,phone,completed,high_chair
1135,398,2025-08-15,21:00,6,instagram,completed,window_seat
1136,6,2025-08-31,12:00,2,phone,completed,none
1137,301,2026-03-03,21:00,4,phone,cancelled,high_chair
1138,248,2026-02-08,20:00,4,walk_in,completed,none
1139,366,2025-10-03,21:00,5,instagram,completed,none
1140,266,2025-09-02,21:00,3,phone,cancelled,birthday
1141,3,2026-02-14,12:00,4,phone,completed,birthday
1142,45,2025-11-09,12:00,1,walk_in,no_show,window_seat
1143,495,2025-09-26,21:00,5,walk_in,completed,none
1144,485,2026-03-23,21:00,4,phone,completed,high_chair
1145,356,2025-12-08,14:00,8,phone,completed,none
1146,340,2025-07-23,12:00,3,walk_in,completed,birthday
1147,491,2025-09-07,13:00,8,walk_in,completed,birthday
1148,374,2026-02-02,20:00,2,instagram,completed,birthday
1149,205,2026-02-19,14:00,2,phone,completed,birthday
1150,37,2025-11-15,21:00,3,phone,completed,high_chair
1151,421,2025-09-17,19:00,4,phone,completed,none
1152,139,2025-09-02,12:00,8,instagram,completed,none
1153,169,2025-08-15,14:00,4,phone,cancelled,birthday
1154,141,2025-07-06,19:00,2,phone,no_show,high_chair
1155,488,2025-08-23,13:00,2,walk_in,completed,high_chair
1156,49,2026-03-28,21:00,4,walk_in,completed,window_seat
1157,312,2025-08-20,13:00,1,instagram,completed,birthday
1158,177,2026-03-30,20:00,8,instagram,cancelled,high_chair
1159,304,2025-09-04,12:00,4,phone,completed,birthday
1160,74,2026-01-10,12:00,4,walk_in,no_show,birthday
1161,348,2026-01-31,13:00,6,walk_in,completed,high_chair
1162,258,2025-11-24,19:00,4,phone,completed,window_seat
1163,326,2025-08-14,19:00,4,website,cancelled,none
1164,40,2025-10-31,13:00,2,website,completed,window_seat
1165,284,2026-03-10,19:00,1,phone,completed,high_chair
1166,255,2026-03-21,21:00,8,website,completed,birthday
1167,467,2025-07-04,21:00,5,walk_in,completed,birthday
1168,379,2026-03-28,20:00,1,phone,completed,birthday
1169,90,2025-08-08,13:00,4,website,completed,high_chair
1170,254,2026-01-11,14:00,2,walk_in,no_show,birthday
1171,426,2025-08-30,14:00,4,walk_in,completed,birthday
1172,2,2026-01-18,14:00,3,website,no_show,high_chair
1173,457,2026-03-07,14:00,1,instagram,completed,window_seat
1174,153,2025-12-29,12:00,2,phone,completed,high_chair
1175,182,2025-07-05,19:00,2,website,completed,birthday
1176,211,2025-09-02,12:00,6,walk_in,completed,birthday
1177,241,2026-01-19,14:00,4,phone,completed,window_seat
1178,56,2026-02-10,13:00,6,instagram,completed,none
1179,184,2025-10-10,13:00,2,phone,completed,high_chair
1180,216,2025-12-17,13:00,1,instagram,completed,window_seat
1181,61,2026-02-01,20:00,6,phone,completed,window_seat
1182,385,2026-01-21,21:00,8,instagram,no_show,birthday
1183,57,2025-08-25,13:00,1,website,completed,birthday
1184,27,2025-12-23,20:00,5,instagram,cancelled,high_chair
1185,149,2025-11-22,12:00,6,phone,cancelled,birthday
1186,374,2026-03-19,13:00,2,website,completed,window_seat
1187,359,2025-11-04,13:00,5,website,completed,birthday
1188,97,2025-09-15,12:00,3,website,completed,window_seat
1189,99,2025-09-13,12:00,5,website,completed,none
1190,195,2026-01-25,14:00,8,phone,cancelled,birthday
1191,173,2026-02-04,12:00,6,website,completed,window_seat
1192,57,2025-11-15,14:00,4,instagram,no_show,birthday
1193,164,2025-07-25,12:00,2,walk_in,completed,birthday
1194,147,2026-02-27,20:00,4,phone,completed,window_seat
1195,486,2026-03-09,14:00,4,website,completed,none
1196,350,2025-09-05,14:00,4,walk_in,cancelled,window_seat
1197,122,2025-11-19,20:00,3,website,completed,birthday
1198,323,2025-08-31,20:00,1,phone,no_show,birthday
1199,361,2026-02-14,12:00,2,walk_in,no_show,window_seat
1200,372,2026-02-28,20:00,3,website,cancelled,birthday
